date,year,month,consumer_credits,consumer_price_index,brent_oil_price,current_account_deficit,exports_usd,imports_usd,export_unit_value_index_usd,gdp,gold_price_lon,import_unit_value_index_usd,B,C,MIG_NRG_X_E,MIG_NDCOG,MIG_ING,MIG_DCOG,MIG_CAG,interest_rates_personal,money_supply,real_effective_echange_rates,retail_sales,unemployment_30-34,ExchangeRate
2009-01-01,2009,1,50740306465.96743,160.9,43.44,-330000000,7884493524,9281137649,95.1,154008418434.46494,870.15,92.4,72.9,48.9,82.4,60.4,49.3,49.2,31.8,22.858,51068253.616260655,95.56,39451353.99654134,13.8,1.5890523809524
2009-02-01,2009,2,48633851279.38222,160.35,43.32,-150000000,8435115834,9074663754,90.9,138470142099.78455,947.38,90.6,60.5,48.0,73.1,56.2,47.7,52.6,34.7,21.4725,52328337.04519596,93.34,11992465.927521847,14.9,1.65236
2009-03-01,2009,3,47101210753.12302,162.12,46.54,-1080000000,8155485081,10522038241,89.8,124888860420.58626,935.5,90.2,72.3,54.5,77.8,62.1,54.9,62.0,41.0,21.8,51541229.553223185,91.39,24695013.200069875,14.5,1.7045363636364
2009-04-01,2009,4,50549030573.92658,162.15,50.18,-1384000000,7561696283,10120319396,91.7,138953835047.1379,894.33,89.6,75.3,56.0,75.1,61.9,57.3,62.4,43.0,19.0125,54815558.69885232,96.1,29769914.982544944,13.0,1.6041523809524
2009-05-01,2009,5,52803571204.23413,163.19,57.3,-1361000000,7346407528,10867698195,93.8,150105797706.06512,942.94,86.4,76.4,59.4,77.0,63.8,60.0,70.9,48.6,20.016,57719733.54588296,97.79,9979812.91230712,11.4,1.5517631578947
2009-06-01,2009,6,53805692807.718376,163.37,68.61,-1912000000,8329692783,12500590854,96.4,157784801152.46738,944.19,89.5,88.7,63.5,80.4,69.7,64.4,78.5,49.7,20.37,59289331.72350344,97.58,57440297.680899985,11.0,1.5397818181818
2009-07-01,2009,7,55036666565.178505,163.78,64.44,-165000000,9055733671,12856285859,97.1,167275034836.61975,934.75,90.1,101.9,62.7,90.5,66.3,65.7,73.4,49.5,19.736,60674459.0103673,98.76,19218232.22241085,11.4,1.5136913043478
2009-08-01,2009,8,56518616359.287895,163.29,72.51,-169000000,7839908842,12811165960,98.6,178101083579.87088,954.38,92.3,103.5,58.1,88.5,64.9,63.1,73.9,36.6,18.5675,62415231.154048376,100.05,69207907.78303981,12.7,1.4792238095238
2009-09-01,2009,9,56923847653.225426,163.93,67.65,-649000000,8480708387,12485004285,100.2,184281196178.36966,1000.19,93.3,91.2,59.4,77.2,64.7,60.1,76.1,48.2,16.447499999999998,67187976.27303515,99.46,2408505.753317668,12.2,1.48523
2009-10-01,2009,10,58745403515.39963,167.88,72.77,684000000,10095768030,12772506117,101.5,187907620738.0575,1040.55,96.9,100.7,68.6,80.9,82.0,68.7,73.5,51.1,17.034,67180321.28422478,101.98,7539154.49977037,11.8,1.4621380952381
2009-11-01,2009,11,59226605827.08554,170.01,76.66,-1673000000,8903010773,12617535430,103.3,186344525196.41464,1113.67,98.7,81.9,62.1,77.4,77.8,59.0,64.3,47.5,15.005,71472815.07375327,101.09,7089736.988093952,11.5,1.4800210526316
2009-12-01,2009,12,59507254130.324814,170.91,74.46,-3171000000,10054591867,15019475471,102.2,184620434749.82703,1130.19,97.4,84.7,67.8,86.0,80.7,64.7,70.6,56.5,15.0675,71587612.03636937,100.54,37366271.16629069,12.0,1.4995130434783
2010-01-01,2010,1,62012950379.180534,174.07,76.17,-2912000000,7828748058,11691248394,100.9,180858174886.7914,1104.31,97.8,68.9,54.2,82.8,59.4,55.7,59.1,42.2,14.956,69611485.21468711,104.55,15889376.807245348,12.8,1.46632
2010-02-01,2010,2,61560606020.351234,176.59,73.75,-2019000000,8263237814,11781611175,98.6,168409872738.38306,1090.25,97.8,65.0,55.8,74.7,59.7,57.1,63.8,45.2,14.4375,69914554.05297697,103.72,9968879.353861686,12.6,1.50556
2010-03-01,2010,3,62056401602.219666,177.62,78.83,-4073000000,9886488171,15022223719,98.7,158283264042.1908,1110.81,98.5,75.3,66.8,82.0,67.9,68.2,80.4,57.9,14.552499999999998,70176236.77143133,101.99,14080565.556794286,12.1,1.5283130434783
2010-04-01,2010,4,65829060709.93204,178.68,84.82,-4127000000,9396006654,14943415664,99.7,171245955647.73267,1151.68,100.7,79.5,64.7,78.8,65.3,68.8,77.5,52.9,14.012,72326676.84419875,105.48,45870208.0632936,10.6,1.4878714285714
2010-05-01,2010,5,65741120044.565926,178.04,75.95,-2655000000,9799958117,14726092099,97.9,174404925924.35736,1206.5,99.0,81.1,67.8,81.2,67.4,71.8,80.8,57.1,14.195,71004752.39525543,103.3,69938590.2443633,9.5,1.534805
2010-06-01,2010,6,66022606227.00397,177.04,74.76,-3083000000,9542907644,15233114061,96.1,178670048022.5048,1233.38,96.7,95.3,70.4,85.6,72.0,74.1,81.4,59.8,14.1125,73777085.30291061,101.11,8501402.234103022,9.3,1.5702863636364
2010-07-01,2010,7,69391698593.74286,176.19,75.58,-3213000000,9564682545,16078478415,98.8,191337349164.2278,1191.8,97.0,97.5,70.0,95.2,72.2,73.5,81.1,58.5,13.744,74869167.51728784,101.31,36492497.80318381,9.4,1.5363136363636
2010-08-01,2010,8,72786999614.70265,176.9,77.04,-2648000000,8523451973,15434037076,98.2,204674593425.54678,1220.13,98.4,99.1,66.4,99.5,72.5,70.6,73.1,50.5,13.0125,78032158.70388192,102.98,9994118.576022035,10.1,1.5016285714286
2010-09-01,2010,9,75013911976.17056,179.07,77.84,-3473000000,8909230521,15643757883,99.4,215416095613.24857,1270.5,99.5,90.0,65.6,84.6,69.7,67.1,79.1,54.7,12.4475,82248166.61797349,104.15,13660370.806929879,9.7,1.488915
2010-10-01,2010,10,81089642006.11931,182.35,82.67,-3051000000,10963586270,17296679730,103.7,226990590264.55923,1336.94,104.4,92.6,76.4,85.2,85.7,77.0,83.8,60.7,12.398,86513733.20361519,108.66,5577142.1118678,9.5,1.41846
2010-11-01,2010,11,82969024872.23701,182.4,85.28,-5874000000,9382369718,17134768305,104.1,226101160367.63925,1379.67,105.2,90.8,68.5,82.2,76.9,68.6,72.5,56.7,12.283333333333331,85990690.70982903,107.11,1158856.8097467904,9.2,1.4295277777778
2010-12-01,2010,12,80856314162.23936,181.85,91.45,-7492000000,11822551699,20558905331,103.9,214426310771.66476,1382.42,104.9,95.9,84.3,94.1,88.3,82.9,85.3,80.9,11.97,89343925.73500422,101.29,13651181.096705582,9.6,1.513147826087
2011-01-01,2011,1,81183333698.53943,182.6,96.52,-5872000000,9551084639,16905384743,107.0,202033097621.22824,1349.13,107.7,84.0,68.4,93.3,70.9,72.4,71.1,56.4,11.915,82499778.33418375,97.65,3725075.3289898233,10.0,1.553819047619
2011-02-01,2011,2,81696565487.1338,183.93,103.72,-5903000000,10059126307,17520186312,109.5,191673802408.76575,1376.25,110.7,78.6,66.9,84.4,68.2,69.2,69.2,60.2,11.9375,82151690.95859948,95.38,30744894.90343246,9.8,1.58283
2011-03-01,2011,3,84376658242.99875,184.7,114.64,-9407000000,11811085160,21643479940,111.7,185976296531.5004,1423.63,113.5,87.2,77.8,93.3,77.7,79.9,86.7,70.6,12.0,85607585.22146766,94.9,12871111.150993649,9.7,1.5746695652174
2011-04-01,2011,4,91074095444.26578,186.3,123.26,-7485000000,11873269447,20953458353,114.6,203324551432.70715,1455.08,117.5,88.4,74.9,85.8,73.4,79.1,85.0,67.1,12.256,90562980.99158259,97.6,9138386.734950647,9.0,1.515619047619
2011-05-01,2011,5,91373758002.94339,190.81,114.99,-7637000000,10943364372,21107025645,114.0,206803973294.61435,1504.0,116.8,100.8,78.4,86.3,75.2,84.4,90.1,70.8,12.7225,89133642.76516123,96.12,10857833.61189534,8.8,1.5641571428571
2011-06-01,2011,6,92794872719.8089,188.08,113.83,-7559000000,11349953558,21605305256,114.7,212535986688.8378,1530.37,116.7,99.7,82.2,87.7,81.1,83.9,93.7,79.1,13.2975,91934268.72702907,92.8,5992458.773308224,7.8,1.5940136363636
2011-07-01,2011,7,92143136982.73538,187.31,116.97,-5089000000,11860004271,21061308166,114.7,215014301148.02737,1568.4,116.9,106.8,79.4,99.6,77.7,83.9,93.1,72.4,16.52,89912266.67823294,88.81,11975810.35828913,7.3,1.6467142857143
2011-08-01,2011,8,88276405853.2854,188.67,110.22,-3681000000,11245124657,19679421257,113.5,211753763821.01556,1757.7,118.7,110.2,76.0,98.1,78.7,80.8,91.2,62.8,17.345,91370786.7263641,83.79,3981488.5473258784,7.5,1.7442380952381
2011-09-01,2011,9,87107330317.80576,190.09,112.83,-6058000000,10750626099,21203687873,110.7,215296244679.07037,1765.9,116.3,103.8,79.2,90.7,79.6,83.3,94.8,70.0,17.258,87796504.1621266,83.37,3422935.7969342726,7.7,1.786519047619
2011-10-01,2011,10,86620707086.76378,196.31,109.55,-4084000000,11907219297,19919209132,109.3,211251720126.03473,1678.4,116.3,109.2,89.2,90.9,97.2,88.9,98.8,79.0,17.2525,85285686.32765548,84.38,45926915.76727786,8.4,1.827080952381
2011-11-01,2011,11,88471682792.6093,199.7,110.77,-5179000000,11078524743,18649309796,109.5,214724767929.41345,1732.38,114.7,104.6,78.3,91.5,84.6,77.7,92.9,69.6,19.085,85014895.96433304,87.09,8471462.889422605,8.5,1.8037842105263
2011-12-01,2011,12,86599289345.56313,200.85,107.87,-6448000000,12477486280,20593899801,108.3,209086423326.25012,1646.4,112.9,114.6,90.5,99.6,91.3,90.5,99.2,91.3,19.698,86727196.92282863,85.29,9698395.782338543,9.1,1.85885
2012-01-01,2012,1,88151368750.7089,201.98,110.69,-5749000000,10348187166,17468975947,108.2,201757644076.19946,1657.75,111.0,89.8,72.1,98.5,77.2,74.2,72.8,61.7,19.9725,81050227.15700121,86.49,8719208.188527782,9.7,1.8389363636364
2012-02-01,2012,2,92818061208.11667,203.12,119.33,-4202000000,11748000124,17787292746,109.7,201804900130.25623,1736.5,112.7,83.2,71.3,93.6,74.4,72.2,74.8,63.7,19.4225,84891422.81408204,90.38,20436617.916998383,10.3,1.7510904761905
2012-03-01,2012,3,92222657670.93481,203.96,125.45,-6210000000,13208572977,20677495770,109.3,188691432972.69888,1675.8,114.6,88.5,82.6,97.1,84.8,83.9,89.8,74.2,18.848,84769642.73397069,88.86,12957646.208279248,9.8,1.7792954545455
2012-04-01,2012,4,93483047914.41927,207.05,119.75,-4512000000,12630226718,19272813948,109.2,197865976155.16,1650.62,115.2,90.3,79.5,85.0,77.6,85.3,87.8,71.2,18.535,86226899.60895361,90.22,18027418.194893923,8.6,1.77984
2012-05-01,2012,5,93666648483.54776,206.61,110.34,-5240000000,13131530961,21750448591,107.6,205125805731.92535,1596.43,112.6,102.3,86.1,88.7,85.4,91.5,92.6,78.7,18.3475,86268587.81271562,90.05,6812199.580097812,7.3,1.7969545454545
2012-06-01,2012,6,94248965380.53246,204.76,95.16,-3876000000,13231198688,20437938448,106.5,212014633864.31012,1588.25,110.3,106.3,84.7,93.6,85.3,89.4,90.0,77.4,18.098000000000003,90661456.59783821,89.42,23607151.858407453,7.3,1.8160714285714
2012-07-01,2012,7,95784725001.57208,204.29,102.62,-3995000000,12830675307,20835202908,106.9,221216992776.33923,1594.93,108.8,113.8,82.3,104.5,83.2,89.0,84.9,72.6,17.865000000000002,88250246.77957386,89.53,26455076.04356806,7.5,1.8048863636364
2012-08-01,2012,8,97805898400.75258,205.43,113.36,-1169000000,12831394572,18828477769,107.7,231548934021.71152,1630.15,109.7,100.9,73.2,100.0,76.9,78.2,81.9,58.5,17.478,91738968.21663754,90.12,5489213.479371052,7.6,1.78584
2012-09-01,2012,9,98324695093.0871,207.55,112.86,-2502000000,12952651722,19924305446,108.8,238215647432.9344,1766.0,111.9,108.3,85.8,94.5,88.4,89.5,97.5,74.5,16.645,96017604.40625295,89.47,3509696.3182838336,7.5,1.79563
2012-10-01,2012,10,99639387394.5177,211.62,111.71,-1051000000,13190769655,18786696814,108.9,239382078321.64713,1742.95,111.9,105.9,84.1,87.5,93.0,85.0,89.2,70.7,16.31,95161861.95057242,90.45,22684257.08138718,7.5,1.79414
2012-11-01,2012,11,101370703072.05467,212.42,109.06,-3991000000,13753052493,20947983268,108.2,241520491192.69653,1719.45,111.7,110.5,91.0,90.6,99.0,92.3,100.0,77.3,15.726,93641536.86745639,91.03,8389512.447842281,7.8,1.78545
2012-12-01,2012,12,103578929355.28717,213.23,109.49,-4781000000,12605476173,19827509254,109.8,243360619257.0275,1676.68,112.7,110.3,90.6,95.4,94.3,91.4,94.3,87.3,14.25,101138503.30157864,90.65,15985661.426785544,8.7,1.7790904761905
2013-01-01,2013,1,106150495220.9638,216.74,112.96,-5431000000,11481521079,18802567909,110.8,237090362729.1043,1663.5,111.89,88.8,76.3,94.0,79.9,80.1,73.1,66.7,14.055,96983707.41839254,92.58,15571274.452453088,9.4,1.7638590909091
2013-02-01,2013,2,107547162167.88847,217.39,116.05,-4690000000,12385690909,19395113678,111.03,227934756180.81744,1631.0,114.0,80.1,76.3,84.2,77.0,78.5,79.4,70.2,13.755,98047499.18781869,91.98,14907686.483890561,9.5,1.769925
2013-03-01,2013,3,107758610743.82787,218.83,108.47,-4676000000,13122058141,20559354566,109.29,215063014115.5374,1593.1,111.99,89.3,85.2,91.0,84.9,90.0,88.3,76.7,13.524,100466965.70060104,91.06,30933389.941267174,9.4,1.8071952380952
2013-04-01,2013,4,111065071966.47572,219.75,102.25,-6669000000,12468202903,22825141704,108.36,226769575358.04675,1495.12,111.09,92.8,86.8,85.6,83.2,92.3,104.7,77.5,13.45,100883122.94736667,91.51,8841887.350600125,8.6,1.7964714285714
2013-05-01,2013,5,112228264561.31958,220.07,102.56,-6193000000,13277209017,23245300682,108.12,233769247277.50262,1409.85,109.33,104.8,91.4,90.0,89.4,97.5,104.6,81.4,12.672,104218621.13507953,90.02,29418554.20424832,8.3,1.8227772727273
2013-06-01,2013,6,111421901177.61322,221.75,102.92,-3813000000,12399973962,21012834975,108.6,234801335965.50034,1316.12,108.8,110.0,90.2,92.3,87.2,95.1,99.8,86.0,11.82,106922393.65324016,87.35,17755408.522520337,7.7,1.89451
2013-07-01,2013,7,112171280396.20361,222.44,107.93,-5636000000,13059519685,22965864226,107.53,239050685178.2141,1279.81,107.53,113.4,92.0,101.6,89.6,97.6,101.1,85.9,12.465,104829667.5082348,87.77,49160728.2927663,7.8,1.9304826086957
2013-08-01,2013,8,112817368304.28032,222.21,111.28,-1740000000,11118300903,18198366236,108.16,244606136116.00192,1334.12,108.89,98.3,75.0,96.3,75.1,81.8,90.7,60.9,13.118,107545234.54875386,87.23,4917446.727733876,8.3,1.9547052631579
2013-09-01,2013,9,111289315729.89783,223.91,111.6,-2542000000,13060371039,20620819473,107.44,245288251751.06052,1348.93,108.83,117.2,95.5,93.7,94.7,100.0,111.2,87.9,13.94,106931059.95972727,84.97,14896092.242464159,8.5,2.0171476190476
2013-10-01,2013,10,114150659819.62477,227.94,109.08,-2765000000,12053704638,19482636677,107.47,248656510940.46594,1307.66,110.36,101.4,87.1,87.0,92.5,88.8,101.8,75.1,13.8125,107323479.51330848,86.67,12957366.248251736,8.7,1.9903166666667
2013-11-01,2013,11,113804776537.03764,227.96,107.79,-3241000000,14201227351,21414219367,107.46,244851423756.44125,1275.75,108.8,105.9,100.8,92.1,105.4,101.5,111.8,91.5,13.774,105650826.53621319,85.24,37723742.70727624,9.0,2.0217476190476
2013-12-01,2013,12,113873011132.5865,229.01,110.76,-7696000000,13174857460,23139030617,108.16,240616446982.16464,1218.76,110.16,109.2,100.4,100.1,101.1,100.4,111.3,98.5,13.5725,111488081.02048755,83.75,76277866.43105672,9.3,2.0578409090909
2014-01-01,2014,1,106983892672.60295,233.54,108.12,-4519000000,12399761948,19286491233,109.25,217179918748.52698,1249.35,108.86,93.9,86.2,97.9,88.8,91.1,78.5,76.2,15.03,99581430.37580009,79.42,24176009.956858683,9.8,2.2168363636364
2014-02-01,2014,2,107938205905.74667,234.54,108.9,-2703000000,13053292493,18239687512,108.26,211389538253.88507,1307.25,109.62,85.8,82.7,89.3,81.3,87.2,82.1,76.5,16.8275,98860633.32670511,80.6,12959861.44001157,9.2,2.21276
2014-03-01,2014,3,108048604367.91765,237.18,107.48,-3264000000,14680110780,19931709143,107.58,204733187356.81647,1337.75,110.24,95.0,93.7,95.5,91.4,98.3,103.3,85.6,17.1475,101717419.23016812,81.83,24520724.03523919,8.6,2.2177952380952
2014-04-01,2014,4,113391045825.69669,240.37,107.76,-4201000000,13371185664,20658673172,107.95,219079625421.64142,1303.87,109.48,94.9,92.9,92.1,90.7,97.8,96.0,86.2,16.865000000000002,104345141.85183087,87.05,25398543.206892494,8.0,2.1274714285714
2014-05-01,2014,5,116561002484.6889,241.32,109.54,-2709000000,13681906159,20875120618,108.02,228675079375.3283,1281.2,107.99,97.4,94.2,92.6,91.8,100.1,97.3,86.6,16.684,106697285.49529965,88.54,39645137.16008905,7.8,2.090805
2014-06-01,2014,6,116915149031.51512,242.07,111.8,-3599000000,12880924246,20792872262,108.71,231667457157.52002,1287.62,108.48,104.0,95.4,96.1,92.7,98.6,99.2,93.3,15.96,112273941.86836931,87.55,8511517.863975443,7.8,2.1157238095238
2014-07-01,2014,7,118018802907.47754,243.17,106.77,-1785000000,13344776958,19941064065,109.52,240974002619.56174,1314.06,108.17,100.6,88.9,103.0,88.5,91.4,86.6,87.1,15.3175,115059481.98756298,87.38,26747996.27125444,7.8,2.118675
2014-08-01,2014,8,116884115899.6302,243.4,101.61,-1342000000,11386828925,19498065147,107.31,246005589459.82227,1292.0,107.43,100.9,87.0,107.4,88.7,92.0,90.1,75.7,15.076,111813667.55141497,86.33,1780311.2940911942,8.6,2.1582714285714
2014-09-01,2014,9,116367210909.11948,243.74,97.09,-1549000000,13583120906,20595981216,105.5,250205918269.25742,1232.75,105.69,109.2,102.3,100.0,103.4,102.7,106.0,99.6,14.8575,116819421.39537425,84.94,89892238.15820032,9.3,2.2035772727273
2014-10-01,2014,10,114816662902.79015,248.37,87.43,-1624000000,12891630102,19184610420,104.84,245322868280.5579,1209.05,103.9,96.0,92.6,89.4,98.6,91.7,93.8,85.2,14.91,109115597.06151946,84.82,5050881.411320856,9.3,2.25831
2014-11-01,2014,11,117354739375.21686,248.82,79.44,-4849000000,13067348107,21384564780,104.12,249233671729.55167,1177.5,103.05,98.0,100.7,95.6,105.8,99.3,105.5,93.4,14.68,110200462.48726816,87.01,16512105.033410562,9.5,2.233575
2014-12-01,2014,12,116129809436.42961,247.72,62.34,-5876000000,13269271402,21788277505,103.13,244506541318.94534,1195.56,100.78,103.0,109.5,99.2,109.2,104.8,113.2,117.2,14.3875,112917632.80580373,86.06,25802046.362058952,10.0,2.2876652173913
2015-01-01,2015,1,115612070092.76773,250.45,47.76,-1678000000,12301766750,16645657050,101.67,231805899495.24274,1244.45,96.26,78.0,85.9,99.4,88.3,84.7,81.6,83.6,14.864,108520955.67662884,87.3,18426453.76233216,10.5,2.3283428571429
2015-02-01,2015,2,110997958130.11028,252.24,58.1,-2943000000,12231860140,16940929404,100.24,211833176457.01175,1223.93,95.23,74.9,84.0,90.8,84.4,83.4,78.1,84.0,14.89,104814868.69838813,85.21,20948519.585781343,10.2,2.455225
2015-03-01,2015,3,106729802821.73335,255.23,55.89,-4309000000,12519910438,18726107253,97.91,193693276253.64,1176.65,93.96,94.6,100.1,98.9,98.9,99.6,96.7,102.3,14.675,103466940.26686876,83.63,38134716.2874158,9.4,2.5838409090909
2015-04-01,2015,4,105309261355.66533,259.39,59.52,-3324000000,13349346866,18373482645,97.64,197255704662.74338,1198.05,92.66,92.2,100.1,93.6,97.2,101.4,99.4,100.9,14.8375,103056054.64746016,81.78,9683078.437718999,8.3,2.6481428571429
2015-05-01,2015,5,106250997426.23657,260.85,64.08,-3539000000,11080385127,17868777194,98.93,205677178521.74814,1199.59,92.57,98.3,99.1,96.9,97.0,103.6,96.3,93.8,15.43,106295115.40159687,81.49,8736352.418421172,7.9,2.6461368421053
2015-06-01,2015,6,105166298870.01337,259.51,61.48,-2616000000,11949647086,18199145384,98.44,209590999621.37396,1180.32,92.23,105.4,105.2,95.9,102.2,106.7,101.0,109.2,15.675,107882147.6975369,79.71,9484014.505557347,7.7,2.7011590909091
2015-07-01,2015,7,106037709719.59297,259.74,56.56,-2756000000,11129358974,18225344227,97.37,218558054957.18808,1127.85,90.39,102.8,93.6,106.1,90.8,95.8,101.3,92.3,15.702000000000002,108839803.41187035,80.39,11272836.69555174,8.0,2.6946045454545
2015-08-01,2015,8,101228703304.40086,260.78,46.52,985000000,11022045344,15969293031,95.67,214972461263.7611,1120.73,88.74,118.4,99.6,111.6,98.6,104.2,118.3,90.1,16.045,105446653.83128746,77.43,22639694.712057736,7.9,2.8455571428571
2015-09-01,2015,9,96343954887.49348,263.11,47.62,422000000,11581703842,15402915978,94.95,211310536297.98367,1122.83,86.68,105.3,96.4,99.2,98.8,95.2,100.3,96.0,16.9075,106189695.65876216,74.75,12602535.705186807,8.5,3.002715
2015-10-01,2015,10,98463127375.81058,267.2,48.43,-21000000,13240039088,16917700624,93.94,218329124560.51593,1155.35,86.41,106.4,109.9,98.2,114.3,107.2,106.2,109.4,17.698,105372544.67166515,77.31,53066952.31392139,8.7,2.9295761904762
2015-11-01,2015,11,100324067043.13698,268.98,44.27,-1703000000,11681989013,15972822379,91.91,224539929897.01093,1077.38,85.21,104.1,108.6,99.0,112.7,105.5,105.9,108.7,17.51,105668719.58803974,80.21,4067803.8210856467,9.5,2.8712857142857
2015-12-01,2015,12,99109646221.70474,269.54,38.01,-5143000000,11750818760,17992183447,91.9,222753679228.6915,1070.85,83.58,119.7,117.5,110.3,116.8,112.7,114.9,129.5,17.33,106829938.35734837,80.14,33484940.458802506,9.6,2.9172347826087
2016-01-01,2016,1,96493491877.15128,274.44,30.7,-1978000000,9546115400,13452704617,90.9,207030515971.3331,1100.91,79.8,80.2,90.4,107.4,94.4,88.6,81.9,86.4,17.61,102497361.11342058,82.51,7906965.197292939,10.3,3.00695
2016-02-01,2016,2,98976902029.66954,274.38,32.18,-1681000000,12366388057,15578255076,91.62,202415666362.77255,1211.93,79.81,83.6,96.4,98.0,96.5,94.5,92.8,97.2,17.9425,105506164.61470467,84.36,13238285.889636142,10.0,2.9406619047619
2016-03-01,2016,3,101123418230.34068,274.27,38.21,-3331000000,12757672093,17766239356,91.67,196401418794.1651,1254.46,80.53,93.0,107.5,101.7,106.1,105.7,102.4,112.2,18.0275,109944833.42354466,85.06,15697848.924973592,9.6,2.8917391304348
2016-04-01,2016,4,103902670971.53496,276.42,41.58,-2450000000,11950497685,16187635375,92.7,208303543806.0118,1241.82,80.86,98.9,103.3,97.3,100.1,105.4,109.2,102.0,17.854,113216475.46174568,85.91,16081555.497694394,9.3,2.8347380952381
2016-05-01,2016,5,101425301109.69324,278.02,46.74,-2742000000,12098611067,17196657045,93.07,209468773139.601,1256.33,82.68,99.1,108.1,101.3,106.8,107.7,110.6,108.5,17.515,110544617.09934491,83.67,80590644.01181391,9.1,2.9265952380952
2016-06-01,2016,6,102548896175.5348,279.33,48.25,-4618000000,12864154060,19476281695,93.36,217887421389.13333,1280.55,83.57,104.0,107.7,106.6,104.3,107.3,103.4,114.0,17.33,117912708.5706435,84.5,35620297.13106727,9.6,2.9169863636364
2016-07-01,2016,7,101529001690.5838,282.58,44.95,-2120000000,9850124872,14694996423,93.01,218833078593.42975,1336.8,82.64,88.3,84.5,109.4,83.1,85.7,77.1,86.2,17.384,116423993.23765698,84.64,256826.6210834735,9.7,2.9575555555556
2016-08-01,2016,8,101737779390.33308,281.76,45.84,-624000000,11830762820,16614181203,93.26,222368430858.76447,1339.43,82.48,111.5,103.8,118.4,104.3,106.8,105.0,97.7,17.52,116199454.39762044,84.07,19184707.086203694,10.6,2.9628636363636
2016-09-01,2016,9,102643631971.89284,282.27,46.57,-911000000,10901638452,15297881163,93.03,226507107192.3246,1325.01,82.52,98.3,92.8,99.3,92.5,92.0,93.4,95.0,17.336000000000002,117414731.25907908,84.2,7214534.644099861,10.7,2.9601
2016-10-01,2016,10,100811735795.50604,286.33,49.52,-489000000,12796159910,17008614931,92.33,227462634354.0234,1262.38,83.59,114.7,113.9,104.7,118.5,110.4,118.0,113.1,16.72,113590608.17858247,82.32,13586438.190318124,10.5,3.0679428571429
2016-11-01,2016,11,96070756553.27548,287.81,44.73,-1441000000,12786936247,16934532450,91.41,221947096563.5791,1234.48,82.39,114.6,114.4,108.0,118.8,111.0,106.6,116.9,16.085,108935797.02826363,80.09,12885162.435538417,10.7,3.26745
2016-12-01,2016,12,91663630222.3651,292.54,53.31,-4283000000,12780523145,18410255713,91.47,215699456644.65594,1149.51,82.99,106.3,118.3,114.3,118.9,107.8,117.2,138.5,16.2,109697528.51879366,77.37,65043062.884657964,11.2,3.4889272727273
2017-01-01,2017,1,86705609346.76035,299.74,54.58,-2454000000,11247585677,15591508883,91.45,192738841894.09656,1187.9,84.89,83.0,96.0,115.3,100.9,91.5,79.5,98.8,16.3575,100803100.10648881,73.63,20877267.313718725,12.0,3.7348863636364
2017-02-01,2017,2,89095506840.288,302.17,54.87,-1972000000,12089908934,15825998294,91.32,187115540869.26843,1234.77,85.68,88.2,95.8,105.2,96.1,93.7,92.2,98.4,16.72,102447573.49497326,74.67,5875734.949732597,11.9,3.67236
2017-03-01,2017,3,90712868153.04604,305.24,51.59,-2869000000,14470814059,19017539459,90.91,178522551392.5459,1230.22,85.92,102.7,113.9,111.2,108.6,112.6,114.0,122.2,16.619999999999997,109560804.84648857,74.83,10416423.009913726,11.2,3.6659434782609
2017-04-01,2017,4,92915885090.59659,309.23,52.31,-3088000000,12859938791,17787682718,91.48,186943266275.93567,1274.07,86.87,106.6,110.8,105.3,102.2,110.4,111.3,123.6,16.8825,115215027.77219005,75.28,20176707.486791275,9.9,3.653835
2017-05-01,2017,5,96570560166.80687,310.61,50.33,-4400000000,13582079731,20923446227,92.26,199689588060.57126,1244.08,87.36,111.4,114.3,107.6,110.7,116.5,107.9,117.2,17.235,116576609.61690852,77.03,37764217.46874383,9.4,3.5638619047619
2017-06-01,2017,6,99244014447.32721,309.78,46.37,-3514000000,13125306944,19173756269,93.47,210365014393.33444,1258.97,87.27,108.8,104.8,106.6,100.0,104.4,97.3,115.6,17.348000000000003,119995238.12230213,77.21,42065592.40009207,8.8,3.51899
2017-07-01,2017,7,99623987064.12132,310.24,48.48,-4195000000,12612074056,21490791009,93.85,217279380688.41324,1239.85,87.6,113.4,110.9,127.5,105.1,113.0,99.1,118.8,17.5425,117517551.12550922,75.89,15135833.458181813,9.3,3.5598666666667
2017-08-01,2017,8,102634016324.91881,311.85,51.7,110000000,13248462990,19161714598,94.63,229666643994.24387,1281.22,88.6,124.6,111.8,126.9,111.6,114.9,124.0,105.0,17.905,123714209.44813523,76.48,61832960.93795447,9.0,3.5124772727273
2017-09-01,2017,9,105296418879.72612,313.88,56.15,-3992000000,11810080805,19978413421,95.83,242185881786.95703,1311.75,89.88,118.7,109.9,112.8,107.7,108.6,128.8,112.6,18.164,125240044.28398032,77.32,19980596.179557767,9.1,3.4680473684211
2017-10-01,2017,10,101067739218.34114,320.4,57.51,-2849000000,13912699494,21217240980,95.09,234726739969.65717,1277.26,90.35,126.3,127.1,112.4,130.3,124.6,115.9,131.3,18.5375,118321254.78933118,75.12,9658605.828245582,8.9,3.6622590909091
2017-11-01,2017,11,96393480942.49881,325.18,62.71,-3462000000,14188323116,20546983405,95.27,226691629307.8632,1281.58,91.19,123.8,125.9,112.2,127.3,123.8,116.7,132.5,18.7925,111699125.55909307,71.92,8288043.722045346,8.9,3.87905
2017-12-01,2017,12,98334069585.08253,327.41,64.37,-7270000000,13845665817,23084575971,96.42,233662988101.7479,1270.85,92.02,120.2,131.4,118.9,129.1,123.9,128.8,150.7,19.356,117115142.8928552,72.91,18504324.891276993,9.5,3.8477047619048
2018-01-01,2018,1,101115717413.41177,330.75,69.08,-6916000000,12434098319,21522473367,97.99,229264204156.58362,1333.01,94.1,101.0,108.5,119.3,112.9,106.9,88.0,107.9,20.015,113716297.92074259,73.77,53624364.31814419,9.7,3.7723272727273
2018-02-01,2018,2,101555840162.30724,333.17,65.32,-4323000000,13148021711,18936782626,98.36,219864645502.14133,1331.32,91.81,95.6,105.6,105.9,105.6,104.4,91.2,110.1,20.1775,115283881.23937935,73.43,4806543.1098829545,9.7,3.77802
2018-03-01,2018,3,99711871519.20828,336.48,66.02,-4543000000,15553245177,21434852704,98.01,205223301338.84766,1324.69,92.61,106.2,121.9,113.7,120.2,119.7,112.2,129.4,19.844,116195577.52288821,72.28,25605205.992553048,9.3,3.8808772727273
2018-04-01,2018,4,96517402868.25702,342.78,72.11,-5110000000,13846627891,20556587945,98.55,204827149609.9766,1333.28,93.7,112.4,115.7,108.1,111.3,116.9,106.6,121.9,19.9775,113142761.89372057,70.8,13067310.30604115,9.1,4.05403
2018-05-01,2018,5,89199004270.3613,348.34,76.98,-5615000000,14256695228,22067044562,96.77,195803328541.57367,1306.38,94.05,121.2,122.1,110.7,121.3,122.7,114.5,124.3,20.1875,111437290.65236437,67.09,18768457.191343337,8.9,4.4141454545455
2018-06-01,2018,6,86168062365.22897,357.44,74.41,-3043000000,12924498134,18449107134,97.06,194077493291.1573,1278.5,93.27,111.2,106.7,110.8,104.5,106.7,95.4,113.3,23.108,111242141.0391036,65.89,38802325.51607314,8.8,4.62822
2018-07-01,2018,7,85068185110.12254,359.41,74.25,-1881000000,14048956242,20057757187,95.8,198905610102.6072,1237.43,92.74,120.5,119.6,132.8,118.9,120.4,106.5,122.2,24.96,108347182.18736635,65.16,10661275.7117337,9.6,4.7480090909091
2018-08-01,2018,8,70514074647.45772,367.66,72.53,2704000000,12331984010,14803525725,94.06,172869867437.11563,1202.88,92.41,115.5,97.7,126.1,99.4,98.4,97.3,95.4,28.822000000000003,103330328.09629382,55.47,10315880.302685173,9.8,5.7301944444444
2018-09-01,2018,9,62894808555.85241,390.84,78.89,2818000000,14397835420,16326538057,93.69,162835154950.5487,1196.7,92.18,124.1,114.2,116.0,116.0,111.9,127.6,115.0,36.4075,87730877.18140939,53.04,6334990.191412736,10.4,6.36687
2018-10-01,2018,10,67328842115.42998,401.27,81.03,3930000000,15676860082,16174148502,92.84,176403650033.90143,1221.31,93.38,126.7,120.5,111.6,128.6,113.3,116.5,125.2,38.72,88430625.78836435,59.06,15134234.520915277,10.4,5.8593727272727
2018-11-01,2018,11,72418991114.63019,395.48,64.75,2408000000,15491509931,16163973421,92.46,191770903949.3544,1221.42,92.75,117.1,116.7,111.4,124.0,108.4,125.3,120.9,36.098,91214226.52279556,63.56,28166247.707601674,11.4,5.3734909090909
2018-12-01,2018,12,72487191273.1562,393.88,57.36,-543000000,13810281310,16554303252,92.37,193614721193.66156,1253.95,92.07,113.8,117.2,117.6,121.3,105.0,116.6,137.2,33.585,96054354.23221703,63.96,41458399.36964126,12.5,5.3061238095238
