date,year,month,consumer_credits,consumer_price_index,WTI_oil_price,brent_oil_price,current_account_deficit,exports_usd,exports_tl,imports_usd,imports_tl,export_unit_value_index_usd,export_unit_value_index_tl,gdp,gold_price_cum,gold_price_lon,import_unit_value_index_usd,import_unit_value_index_tl,B,C,MIG_NRG_X_E,MIG_NDCOG,MIG_ING,MIG_DCOG,MIG_CAG,interest_rates_mortgage,interest_rates_personal,money_supply,real_effective_echange_rates,retail_sales,unemployment_15-19,unemployment_20-24,unemployment_25-29,unemployment_30-34,unemployment_35-39,unemployment_40-44,unemployment_45-49,unemployment_50-54,unemployment_55-59,unemployment_60-64,unemployment_65+
2005-01-01,2005,1,17319190.66666667,114.49,46.84,44.51,-1445,4997279724,6791013684,7219679862,9812593440,86.8,78.4,159229197.33333334,131.0,423.83,80.7,73.0,59.0,48.3,67.5,55.5,48.3,50.3,36.1,22.1125,29.685000000000002,26906087.0,107.61,1862316.0,20.3,22.7,14.6,10.7,8.9,7.8,7.4,6.8,4.3,3.4,0.7
2005-02-01,2005,2,18321840.54166667,114.51,48.15,45.48,-2302,5651741252,7449079145,8323736797,10998599631,86.5,75.8,150908768.66666666,128.0,424.03,80.0,70.4,60.3,50.2,64.9,54.2,50.7,50.1,42.0,20.4075,26.2175,28189500.0,109.93,709424.0,19.1,23.9,14.7,10.8,9.5,7.8,7.6,6.8,5.1,3.4,1.1
2005-03-01,2005,3,19324490.41666667,114.81,54.19,53.1,-2232,6591859218,8638660740,10196352932,13302963657,87.9,76.6,142588340.0,128.5,434.86,81.1,70.4,58.2,58.4,68.9,62.3,58.2,60.1,50.5,18.86,26.2125,29520606.0,109.33,5160277.0,18.0,22.6,13.7,10.3,9.0,7.4,6.9,6.6,4.4,2.8,1.0
2005-04-01,2005,4,20327140.29166667,115.63,52.98,51.88,-2336,6128131878,8333848266,9595500303,13036202298,86.6,78.3,149562522.66666666,133.2,429.45,85.3,77.2,58.9,56.5,65.2,57.6,57.5,60.7,49.1,18.278,25.130000000000003,31217625.0,105.96,6321035.0,16.4,21.1,12.7,9.2,8.0,7.0,6.6,6.7,4.3,2.5,0.7
2005-05-01,2005,5,21329790.16666667,116.69,49.83,48.65,-2071,5977226217,8198283737,9811620456,13450174257,86.6,78.9,156536705.33333334,126.5,420.35,80.2,73.2,64.3,59.0,66.8,60.1,60.7,58.2,52.1,18.0425,24.9775,31099565.0,106.24,2809651.0,16.7,19.3,11.9,8.5,6.7,6.5,6.2,6.3,3.7,2.4,0.4
2005-06-01,2005,6,22332440.04166667,116.81,56.35,54.35,-1938,6038534367,8223321303,9947498949,13565707879,85.9,77.8,163510888.0,129.5,431.04,78.7,71.5,71.3,61.0,67.3,66.5,61.5,58.4,51.8,17.3425,24.895,33653953.0,108.2,984740.0,17.2,19.0,12.0,8.4,6.5,6.2,6.6,6.3,3.5,2.8,0.8
2005-07-01,2005,7,23335089.916666668,116.14,59.0,57.52,-818,5763466353,7721229150,9596123042,12854016876,85.0,75.7,171226689.66666666,126.2,425.87,78.3,69.8,75.2,58.4,73.9,60.6,60.5,63.1,48.3,16.114,25.072,34129555.0,109.01,2145331.0,17.1,19.5,11.7,8.3,6.7,5.7,6.7,6.1,3.8,2.8,1.1
2005-08-01,2005,8,24337739.791666668,117.13,64.99,63.98,-876,5552867212,7463948756,10272181394,13789130790,85.0,76.0,178942491.33333334,130.0,440.48,78.9,70.6,76.8,58.0,75.6,61.6,60.8,62.5,45.2,16.645,24.252499999999998,34829731.0,107.86,4840713.0,17.8,20.0,12.1,8.5,6.8,5.8,6.6,6.5,4.2,2.8,1.2
2005-09-01,2005,9,25340389.666666668,118.33,65.59,62.91,-18,6814268941,9139263231,10365938994,13907772870,85.9,76.6,186658293.0,135.4,456.99,80.3,71.7,73.5,65.2,70.0,72.8,63.6,68.8,55.7,17.084,23.698,36484194.0,108.59,2682036.0,18.5,19.2,12.8,9.1,6.9,6.0,6.5,7.0,4.7,2.8,0.7
2005-10-01,2005,10,26343039.541666668,120.45,62.26,58.54,-651,6772178569,9194578231,10089811653,13709733722,84.2,76.0,186944970.66666666,138.75,468.08,80.2,72.6,75.9,66.7,72.2,79.9,62.7,66.7,55.0,16.365,22.595,38850009.0,109.55,1537329.0,18.7,19.8,13.3,9.3,7.2,6.7,6.5,7.5,5.0,2.4,0.6
2005-11-01,2005,11,27345689.416666668,122.14,58.32,55.24,-2554,5942575782,8082259762,9673128931,13161425354,83.6,75.6,187231648.33333334,144.33,482.83,79.1,71.6,66.9,60.6,70.2,73.3,56.0,59.6,50.9,15.905,21.6125,36854850.0,111.45,6059506.0,19.0,20.2,14.2,9.4,7.9,7.3,7.0,8.0,5.2,2.9,0.6
2005-12-01,2005,12,28474397.0,122.65,59.41,56.86,-3739,7246278630,9803608215,11682577594,15792640185,83.4,75.1,187518326.0,149.2,511.67,79.7,71.7,68.3,67.3,75.1,78.5,62.4,63.3,61.6,15.564,21.662,61991240.52,111.76,3604633.0,19.2,22.9,14.2,9.4,8.1,7.9,7.4,7.8,6.5,3.3,1.1
2006-01-01,2006,1,29098873.75,123.57,65.49,62.99,-2436,5133048881,6852361051,8145534848,10886143042,86.3,76.6,179197897.33333334,163.33,554.75,82.3,73.3,56.8,48.6,70.8,54.5,48.7,47.2,38.4,15.186666666667,21.353333333333335,56634439.5,112.4,719050.0,20.2,22.6,14.9,10.3,8.6,8.6,7.9,8.8,6.8,4.3,1.2
2006-02-01,2006,2,30479696.75,123.84,61.63,60.21,-3223,6058251279,8040295096,9796220249,13002336012,85.5,75.5,170877468.66666666,165.5,557.96,81.7,72.2,58.2,55.0,66.6,60.2,54.9,55.8,47.1,14.895,21.1875,56869047.1,112.38,2661601.0,20.5,22.6,14.9,10.5,9.0,9.2,8.0,8.8,7.5,3.8,1.5
2006-03-01,2006,3,32612166.2,124.18,62.69,62.06,-3054,7411101659,9890483575,11605026095,15498642541,86.6,76.8,162557040.0,165.0,558.3,82.4,73.3,69.4,65.8,73.4,69.7,65.9,66.0,58.9,14.72,20.912,58367649.6,111.32,474317.0,18.3,20.0,14.3,9.2,8.6,8.8,7.5,8.9,6.7,3.8,1.0
2006-04-01,2006,4,35359956.0,125.84,69.44,70.26,-3745,6456090261,8636489090,11587101994,15533516371,88.0,78.2,173266776.0,182.5,619.08,89.0,79.5,67.1,62.6,69.2,62.7,65.0,71.8,52.7,13.945,19.634999999999998,60339370.6,111.13,3869051.0,16.7,19.0,13.2,8.6,7.9,7.6,6.6,7.3,5.7,3.3,1.0
2006-05-01,2006,5,38482480.5,128.2,70.84,69.78,-4035,7041543247,9976544298,12694201568,17848715804,90.4,85.1,183976512.0,221.25,681.75,88.0,82.4,69.6,66.8,71.5,66.5,68.5,74.0,59.9,14.1725,19.41,70201297.3,104.38,5346630.0,15.1,17.8,12.0,7.9,6.4,6.4,5.9,6.8,4.4,3.0,0.6
2006-06-01,2006,6,41348614.2,128.63,70.95,68.56,-2685,7815434622,12473103413,12465724883,19816116730,90.2,95.7,194686248.0,213.0,603.07,87.2,92.3,76.1,67.4,74.2,70.9,68.5,67.2,59.7,17.276,22.276,70101406.4,93.58,33598154.0,16.1,18.0,12.0,8.1,6.2,6.1,6.0,6.3,3.8,2.2,0.5
2006-07-01,2006,7,42177464.0,129.72,74.41,73.67,-1644,7067411479,11037294086,11709384290,18352593393,90.1,93.6,202690389.66666666,217.25,641.46,88.7,92.6,82.5,63.9,79.0,64.1,67.6,62.1,56.2,21.1675,27.7675,66235991.3,96.18,3308107.0,17.0,18.2,12.0,7.6,6.6,5.8,6.2,5.9,3.4,1.9,0.4
2006-08-01,2006,8,42545676.0,129.15,73.04,73.23,-1376,6811202410,10029934367,12276087577,18069729664,90.3,88.4,210694531.33333334,202.75,632.98,90.6,88.8,86.5,61.3,83.6,65.6,67.1,63.8,41.9,21.705,27.9575,67525225.3,100.47,894219.0,17.1,19.0,12.5,7.9,7.4,5.7,6.1,5.6,4.0,1.9,0.4
2006-09-01,2006,9,42972628.4,130.81,63.8,61.96,-1336,7606551095,11246825547,12152978653,17962771416,87.9,86.4,218698673.0,198.2,598.58,88.7,87.3,82.0,67.7,76.0,73.5,67.8,68.9,58.0,21.752,27.060000000000002,68300344.1,100.64,1307148.0,17.0,19.7,11.9,8.0,7.1,5.8,5.7,5.3,4.3,1.7,0.6
2006-10-01,2006,10,43679608.75,132.47,58.89,57.81,-2074,6888812549,10221240860,11199556782,16617806171,87.3,86.2,219070831.33333334,191.0,584.93,88.2,87.1,74.5,63.6,72.7,72.6,62.6,65.2,51.2,21.6475,26.5925,67694724.6,101.03,1612841.0,17.3,20.3,11.8,8.2,6.7,5.8,5.9,5.6,5.0,2.6,0.8
2006-11-01,2006,11,44159352.5,134.18,59.08,58.76,-2821,8641474556,12597578137,12896574540,18778932179,88.7,86.0,219442989.66666666,202.5,628.01,87.9,85.2,73.8,69.5,78.2,78.8,66.0,73.1,60.7,21.45,26.28,65815095.4,102.42,707267.0,17.2,20.7,12.4,8.3,6.8,6.3,6.5,6.0,5.3,2.6,0.8
2006-12-01,2006,12,45387685.0,134.49,61.96,62.47,-2732,8603753480,12339721901,13047782669,18710534382,91.8,87.6,219815148.0,197.0,636.63,90.9,86.8,73.4,68.4,82.6,75.8,65.6,63.8,62.6,20.322,25.102,71770961.55,102.31,592842.0,19.2,21.4,13.2,9.3,8.2,6.7,7.3,6.5,6.0,3.5,1.0
2007-01-01,2007,1,46158099.25,135.84,54.51,53.68,-3115,6564559793,9360832696,10591885802,15123441529,93.0,88.2,210271749.33333334,196.0,625.94,88.2,83.8,63.7,58.7,77.9,61.8,59.0,61.1,50.9,21.3375,25.4975,64096720.4,103.38,5399184.0,19.5,21.4,13.9,10.1,8.8,7.1,7.6,6.8,6.2,2.8,0.7
2007-02-01,2007,2,46717222.5,136.42,59.28,57.56,-3078,7656951608,10701450814,11383177908,15931512712,93.5,86.9,200728350.66666666,206.25,664.58,88.7,82.6,61.5,60.1,72.7,62.5,60.5,65.4,52.5,20.2575,24.8275,64582766.4,105.11,3127764.0,22.1,21.5,13.8,10.7,8.9,7.4,8.3,7.2,6.3,3.5,0.9
2007-03-01,2007,3,47646845.8,137.67,60.44,62.05,-2985,8957851621,12609289911,13234192452,18670523005,94.7,88.7,191184952.0,200.0,655.07,90.3,84.8,67.7,69.9,77.5,71.2,71.0,71.7,63.8,19.456,24.576,64834448.6,104.07,4088510.0,19.2,20.0,12.8,9.6,7.9,7.8,7.9,6.7,4.7,3.5,0.8
2007-04-01,2007,4,49104907.25,139.33,63.98,67.49,-3208,8313312005,11313572225,12919281351,17651331307,96.7,87.5,198901681.33333334,202.0,683.55,96.4,87.7,73.0,65.8,75.4,64.7,68.9,67.7,59.1,19.295,23.4475,67930000.1,107.15,14084493.0,19.3,19.0,12.3,8.8,7.0,7.0,7.5,6.2,4.7,3.6,1.2
2007-05-01,2007,5,50786016.5,140.03,63.46,67.21,-3487,9147620042,12235130270,14935155041,19991389258,98.5,87.6,206618410.66666666,198.5,667.53,93.9,83.7,78.6,71.5,78.5,70.8,72.9,71.6,67.7,18.74,23.0825,67834119.4,108.59,2486693.0,18.0,17.9,11.4,7.8,6.5,6.3,6.3,5.7,4.2,3.1,1.0
2007-06-01,2007,6,52457463.4,139.69,67.49,71.05,-2983,8980247437,11870413743,14265946850,18904636628,98.5,86.6,214335140.0,190.4,655.64,93.3,82.3,80.8,70.2,80.3,71.3,71.5,70.6,65.1,18.032,23.544,71260062.7,108.72,5212691.0,19.3,18.7,11.7,7.5,6.2,5.4,5.7,5.1,4.5,2.4,0.7
2007-07-01,2007,7,54511854.75,138.67,74.12,76.93,-2680,8937741591,11451462055,15214033523,19520662349,101.1,86.1,222628175.0,195.75,664.34,95.9,81.9,86.6,67.3,87.4,69.5,70.5,59.6,59.4,17.4275,23.04,71835102.2,108.86,5195841.0,19.2,19.3,11.6,7.1,6.2,5.7,5.7,5.0,3.8,2.8,0.4
2007-08-01,2007,8,56492391.0,138.7,72.36,70.76,-1479,8736689092,11509470069,14681667960,19234927622,99.6,87.2,230921210.0,198.6,665.87,94.9,82.8,96.1,66.0,88.6,71.1,71.4,69.5,48.2,17.12,22.07,73009239.0,105.67,8329798.0,19.0,20.5,11.8,7.4,6.6,6.2,6.1,5.0,3.8,3.5,0.3
2007-09-01,2007,9,58364445.0,140.13,79.92,77.17,-2132,9038743896,11438902467,14459084061,18399512349,100.8,84.8,239214245.0,197.5,724.34,96.3,81.6,94.4,69.9,81.4,73.2,70.5,69.7,64.8,17.5825,22.505,71637835.2,109.23,23747709.0,17.8,20.8,12.0,7.8,6.8,6.3,6.9,5.3,4.9,3.9,0.9
2007-10-01,2007,10,60109595.25,142.67,85.8,82.34,-3211,9895216622,11907601572,15626532491,18788360312,104.4,83.5,240469522.33333334,199.5,759.72,100.1,80.2,86.3,70.0,77.6,78.5,67.3,73.5,63.0,17.2675,21.3125,71480928.0,114.59,393034.0,19.1,20.9,12.1,8.1,7.1,6.8,7.0,6.1,5.6,3.5,0.6
2007-11-01,2007,11,62225197.8,145.45,94.77,92.41,-3338,11318798220,13475211546,16631882814,19791807786,107.8,85.3,241724799.66666666,208.2,803.3,103.7,82.1,78.4,75.5,82.1,84.8,70.7,74.0,71.2,16.942,21.144,72367477.0,115.43,4858418.0,19.6,20.6,12.7,8.8,7.3,7.1,7.3,6.8,5.8,2.7,1.1
2007-12-01,2007,12,64763749.5,145.77,91.69,90.93,-5250,9724017977,11466859779,16119874248,19020664412,109.6,86.0,242980077.0,205.0,805.25,104.9,82.4,73.6,66.8,84.7,70.6,62.1,65.8,69.1,16.5275,19.55,76350721.0,115.94,20925268.0,21.4,20.1,12.9,10.1,7.9,7.4,7.1,7.0,5.6,2.5,0.9
2008-01-01,2008,1,66418039.5,146.94,92.97,92.18,-4035,10632207041,12515572992,16338588949,19138497444,110.7,86.7,235265058.66666666,219.75,886.56,107.1,83.5,74.6,65.0,87.6,67.3,64.4,63.2,61.9,16.505,19.8325,71699185.0,115.43,15941251.0,21.9,20.7,13.7,11.1,8.6,8.1,8.0,7.0,5.8,2.6,1.2
2008-02-01,2008,2,68205214.6,148.84,95.39,94.99,-3747,11077899120,13225591966,16026520648,19122731292,112.1,89.0,227550040.33333334,234.6,931.6,108.2,86.0,72.0,65.1,82.2,66.4,62.6,68.2,65.9,16.386,19.936,73098077.0,113.09,14707358.0,21.2,21.7,13.7,11.0,8.9,8.8,8.7,7.6,6.3,3.5,0.9
2008-03-01,2008,3,70524079.5,150.27,105.45,103.64,-4141,11428587234,14133400129,16812088342,20702856749,116.8,96.0,219835022.0,251.0,959.0,112.5,92.2,77.8,72.0,83.3,68.2,70.5,90.3,73.0,17.2775,20.6275,78129288.0,106.72,41590102.0,18.9,20.3,13.0,9.9,8.2,8.6,8.4,7.7,5.6,3.5,0.9
2008-04-01,2008,4,72145298.25,152.79,112.58,109.07,-5013,11363963503,14801305956,17889469623,23278558081,119.2,103.2,230400134.66666666,259.25,908.38,122.6,106.2,77.7,71.0,80.2,65.9,70.9,72.9,75.7,18.0575,20.997500000000002,79783986.0,100.72,10436588.0,15.9,18.6,11.5,9.1,7.7,7.8,7.3,6.6,6.1,3.7,0.8
2008-05-01,2008,5,73830959.4,155.07,125.4,122.8,-4561,12477968700,15618749899,19306133002,24255147428,120.5,100.3,240965247.33333334,244.6,887.95,118.5,99.1,84.5,73.2,83.3,70.3,73.7,75.0,74.0,17.452,20.752000000000002,78117282.0,105.63,23473582.0,15.6,17.1,10.7,8.8,7.0,7.0,6.7,5.7,5.4,2.8,1.3
2008-06-01,2008,6,76130241.75,154.51,133.88,132.32,-5259,11770634384,14514859299,19476568081,24097238386,123.4,101.2,251530360.0,247.5,895.88,123.0,101.3,93.0,71.3,85.8,69.5,71.3,73.9,72.1,17.6025,21.245,81221441.0,105.4,17298547.0,16.9,18.7,11.5,8.4,7.0,6.6,6.4,4.9,4.8,3.3,1.2
2008-07-01,2008,7,77737967.75,155.4,133.37,132.72,-3684,12595426863,15314935922,20557428101,25022349112,128.1,103.6,257933157.0,249.75,943.56,127.4,103.3,98.7,69.9,92.5,67.7,72.9,71.2,66.6,18.925,21.71,81103275.0,105.56,16478383.0,17.4,19.9,12.5,8.3,7.0,6.8,6.6,5.4,5.1,3.3,1.2
2008-08-01,2008,8,79645806.0,155.02,116.67,113.24,-2654,11046830086,13041773867,19251335340,22721777378,125.0,98.1,264335954.0,229.6,841.7,123.9,97.4,100.3,62.8,92.9,68.2,67.9,66.4,44.6,19.086,22.162,79287064.0,110.05,48232956.0,17.7,20.9,13.3,8.2,7.3,6.4,6.8,5.7,5.4,4.0,0.8
2008-09-01,2008,9,81762829.25,155.72,104.11,97.23,-658,12793148034,15832369679,17884561792,22060328723,121.8,100.2,270738751.0,229.25,832.56,119.7,98.3,94.2,66.5,84.4,70.6,65.6,70.1,61.2,18.5125,21.2325,86910366.0,107.12,15265777.0,18.6,21.8,13.4,9.1,7.5,7.1,6.8,6.8,6.0,3.7,1.1
2008-10-01,2008,10,82842129.6,159.77,76.61,71.58,-2280,9722708790,14565544527,14942454486,21410911167,108.0,107.6,267376622.0,256.2,791.26,112.5,107.4,94.5,64.6,78.5,75.6,61.9,69.8,54.4,19.286,22.342000000000002,85130000.0,95.09,10770824.0,21.1,22.3,13.5,9.8,8.0,7.3,7.2,7.5,6.3,4.1,1.1
2008-11-01,2008,11,82328154.25,161.1,57.31,52.45,-354,9395872897,14992479064,12073504655,19181735140,99.5,105.6,264014493.0,258.25,768.06,102.8,108.7,78.7,64.6,78.3,81.2,59.3,71.6,50.2,22.69,25.085,83199899.0,92.02,25725206.0,23.8,24.2,15.1,10.8,9.7,8.6,8.2,8.4,6.8,4.4,1.1
2008-12-01,2008,12,81271761.25,160.44,41.12,39.95,-3039,7721948974,11956486315,11404921090,17699075886,99.2,102.1,260652364.0,262.27,803.75,98.2,101.5,72.3,53.7,77.5,66.0,48.4,57.5,46.5,22.38,24.47,85476229.0,95.77,77449248.0,26.3,25.8,16.8,11.9,10.7,10.1,9.6,9.4,8.1,5.2,0.8
2009-01-01,2009,1,80629004.8,160.9,41.71,43.44,-330,7884493524,12626653241,9281137649,14715791454,95.1,101.3,244727444.0,295.6,870.15,92.4,97.6,72.9,48.9,82.4,60.4,49.3,49.2,31.8,19.05,22.857999999999997,81150130.0,95.56,62690268.0,27.7,28.0,19.0,13.8,12.5,11.3,10.9,10.7,7.8,5.2,0.8
2009-02-01,2009,2,80360630.5,160.35,39.09,43.32,-150,8435115834,14033440467,9074663754,14983723410,90.9,100.6,228802524.0,336.5,947.38,90.6,99.6,60.5,48.0,73.1,56.2,47.7,52.6,34.7,18.21,21.4725,86465251.0,93.34,19815871.0,28.0,28.9,19.2,14.9,12.9,12.3,11.2,11.4,8.8,5.2,1.4
2009-03-01,2009,3,80285726.5,162.12,47.94,46.54,-1080,8155485081,13955500316,10522038241,17972012635,89.8,102.2,212877604.0,341.75,935.5,90.2,102.5,72.3,54.5,77.8,62.1,54.9,62.0,41.0,18.2725,21.8,87853900.0,91.39,42093548.0,27.1,27.8,19.4,14.5,13.0,11.7,11.0,10.9,8.8,4.9,1.6
2009-04-01,2009,4,81088347.75,162.15,49.65,50.18,-1384,7561696283,12216387470,10120319396,16309571673,91.7,98.5,222903125.33333334,311.5,894.33,89.6,96.2,75.3,56.0,75.1,61.9,57.3,62.4,43.0,17.26,19.0125,87932509.0,96.1,47755480.0,25.5,27.1,18.0,13.0,12.7,11.4,10.6,10.0,8.4,4.5,1.8
2009-05-01,2009,5,81938636.4,163.19,59.03,57.3,-1361,7346407528,11466791835,10867698195,16987380618,93.8,97.3,232928646.66666666,315.0,942.94,86.4,89.9,76.4,59.4,77.0,63.8,60.0,70.9,48.6,16.76,20.016,89567356.0,97.79,15486306.0,24.4,25.2,16.7,11.4,11.2,10.0,10.5,8.3,8.0,3.8,1.4
2009-06-01,2009,6,82849027.5,163.37,69.64,68.61,-1912,8329692783,12903826652,12500590854,19331302745,96.4,99.3,242954168.0,319.25,944.19,89.5,92.1,88.7,63.5,80.4,69.7,64.4,78.5,49.7,16.33,20.37,91292635.0,97.58,88445526.0,22.2,24.7,16.1,11.0,11.1,9.2,9.6,7.2,7.0,3.2,1.5
2009-07-01,2009,7,83308523.6,163.78,64.15,64.44,-165,9055733671,13757896261,12856285859,19616687392,97.1,98.1,253202765.66666666,312.0,934.75,90.1,91.6,101.9,62.7,90.5,66.3,65.7,73.4,49.5,15.928,19.736,91842401.0,98.76,29090471.0,20.9,24.8,16.1,11.4,10.2,9.0,8.6,7.4,7.4,3.0,1.4
2009-08-01,2009,8,83603683.0,163.29,71.05,72.51,-169,7839908842,11637138763,12811165960,19030768504,98.6,97.4,263451363.33333334,311.25,954.38,92.3,91.3,103.5,58.1,88.5,64.9,63.1,73.9,36.6,14.845,18.5675,92326096.0,100.05,102373985.0,20.4,25.6,17.3,12.7,10.7,9.2,8.2,8.7,7.3,3.0,1.2
2009-09-01,2009,9,84545006.25,163.93,69.41,67.65,-649,8480708387,12653017738,12485004285,18640101735,100.2,99.4,273699961.0,323.0,1000.19,93.3,92.8,91.2,59.4,77.2,64.7,60.1,76.1,48.2,12.9925,16.447499999999998,99789598.0,99.46,3577185.0,21.7,25.9,17.1,12.2,10.3,9.2,8.1,8.7,7.6,3.4,1.1
2009-10-01,2009,10,85893892.4,167.88,75.72,72.77,684,10095768030,14835929962,12772506117,18739100478,101.5,99.2,274746890.6666667,336.2,1040.55,96.9,94.7,100.7,68.6,80.9,82.0,68.7,73.5,51.1,12.64,17.034,98226907.0,101.98,11023285.0,22.6,24.9,17.0,11.8,9.7,8.9,8.0,8.6,7.0,4.4,1.3
2009-11-01,2009,11,87656623.5,170.01,77.99,76.66,-1673,8903010773,13244313059,12617535430,18752624175,103.3,102.2,275793820.3333333,360.0,1113.67,98.7,97.7,81.9,62.1,77.4,77.8,59.0,64.3,47.5,12.115,15.004999999999999,105781271.0,101.09,10492960.0,22.6,25.5,16.6,11.5,10.1,9.3,8.3,8.6,7.0,4.6,1.5
2009-12-01,2009,12,89231903.75,170.91,74.47,74.46,-3171,10054591867,15151055732,15019475471,22598660001,102.2,102.4,276840750.0,367.75,1130.19,97.4,97.6,84.7,67.8,86.0,80.7,64.7,70.6,56.5,12.245,15.067499999999999,107346558.0,100.54,56031211.0,21.9,25.3,17.0,12.0,10.6,10.2,9.9,10.0,7.3,5.0,1.6
2010-01-01,2010,1,90930829.4,174.07,78.33,76.17,-2912,7828748058,11542068255,11691248394,17212177724,100.9,99.0,265195959.0,354.5,1104.31,97.8,95.9,68.9,54.2,82.8,59.4,55.7,59.1,42.2,12.13,14.956,102072713.0,104.55,23298911.0,22.3,28.0,17.4,12.8,12.0,11.2,11.0,10.3,7.8,5.3,1.6
2010-02-01,2010,2,92683186.0,176.59,76.39,73.75,-2019,8263237814,12516992899,11781611175,17808112046,98.6,99.3,253551168.0,363.0,1090.25,97.8,98.5,65.0,55.8,74.7,59.7,57.1,63.8,45.2,11.975,14.4375,105260556.0,103.72,15008746.0,22.7,27.1,17.0,12.6,12.1,10.9,11.3,10.9,7.7,5.9,1.4
2010-03-01,2010,3,94841608.0,177.62,81.2,78.83,-4073,9886488171,15182232662,15022223719,23052245594,98.7,100.8,241906377.0,371.0,1110.81,98.5,100.7,75.3,66.8,82.0,67.9,68.2,80.4,57.9,11.7525,14.552499999999998,107251258.0,101.99,21519512.0,21.4,26.4,16.0,12.1,11.7,10.4,10.7,9.8,7.3,5.6,1.2
2010-04-01,2010,4,97945178.6,178.68,84.29,84.82,-4127,9396006654,14046899179,14943415664,22340254295,99.7,99.1,254791964.66666666,373.2,1151.68,100.7,100.2,79.5,64.7,78.8,65.3,68.8,77.5,52.9,11.5,14.012,107612796.0,105.48,68248972.0,18.7,22.6,14.6,10.6,10.5,8.8,9.2,9.0,6.7,4.9,1.3
2010-05-01,2010,5,100899799.75,178.04,73.74,75.95,-2655,9799958117,15124361382,14726092099,22622048688,97.9,100.5,267677552.33333334,403.75,1206.5,99.0,101.2,81.1,67.8,81.2,67.4,71.8,80.8,57.1,11.505,14.195,108978449.0,103.3,107342098.0,18.0,20.8,13.8,9.5,9.1,8.1,8.2,7.5,5.9,4.7,1.4
2010-06-01,2010,6,103674398.25,177.04,75.34,74.76,-3083,9542907644,15048168172,15233114061,24005508749,96.1,100.8,280563140.0,417.0,1233.38,96.7,101.4,95.3,70.4,85.6,72.0,74.1,81.4,59.8,11.295,14.1125,115851151.0,101.11,13349636.0,17.3,20.3,13.6,9.3,8.3,7.3,7.1,7.2,5.5,4.0,1.4
2010-07-01,2010,7,106607412.8,176.19,76.32,75.58,-3213,9564682545,14571626801,16078478415,24576223868,98.8,100.1,293954178.6666667,401.8,1191.8,97.0,98.7,97.5,70.0,95.2,72.2,73.5,81.1,58.5,10.974,13.744,115022523.0,101.31,56063922.0,17.1,21.0,14.0,9.4,8.0,7.2,6.7,7.0,5.8,3.8,1.9
2010-08-01,2010,8,109299038.25,176.9,76.6,77.04,-2648,8523451973,12873286099,15434037076,23275182041,98.2,98.6,307345217.3333333,405.5,1220.13,98.4,98.8,99.1,66.4,99.5,72.5,70.6,73.1,50.5,10.7525,13.0125,117175319.0,102.98,15007454.0,17.5,23.6,14.4,10.1,8.4,7.9,7.5,7.6,6.5,3.3,2.2
2010-09-01,2010,9,111689338.75,179.07,75.24,77.84,-3473,8909230521,13331827160,15643757883,23448669790,99.4,99.0,320736256.0,416.33,1270.5,99.5,99.3,90.0,65.6,84.6,69.7,67.1,79.1,54.7,10.6425,12.4475,122460529.0,104.15,20339131.0,17.6,23.5,14.4,9.7,8.8,7.7,7.5,7.6,7.1,4.3,1.8
2010-10-01,2010,10,115022413.6,182.35,81.89,82.67,-3051,10963586270,15642168089,17296679730,24643160360,103.7,98.3,321977072.6666667,417.75,1336.94,104.4,99.1,92.6,76.4,85.2,85.7,77.0,83.8,60.7,10.318,12.398,122716270.0,108.66,7910953.0,17.6,23.6,14.2,9.5,8.4,7.9,7.4,7.8,7.2,3.8,1.6
2010-11-01,2010,11,118606525.75,182.4,84.25,85.28,-5874,9382369718,13487024275,17134768305,24580797303,104.1,99.5,323217889.3333333,424.0,1379.67,105.2,100.5,90.8,68.5,82.2,76.9,68.6,72.5,56.7,9.94,12.283333333333333,122926081.0,107.11,1656618.0,17.5,22.7,14.3,9.2,8.8,7.3,7.4,7.4,6.9,3.7,1.2
2010-12-01,2010,12,122347556.0,181.85,89.15,91.45,-7492,11822551699,17976557785,20558905331,31103825122,103.9,105.0,324458706.0,461.0,1382.42,104.9,105.7,95.9,84.3,94.1,88.3,82.9,85.3,80.9,9.646,11.97,135190567.0,101.29,20656255.0,18.7,23.2,14.9,9.6,9.5,7.6,7.7,8.5,6.4,3.5,1.3
2011-01-01,2011,1,126144210.25,182.6,89.17,96.52,-5872,9551084639,14930641967,16905384743,26345752402,107.0,111.2,313922875.3333333,465.75,1349.13,107.7,111.6,84.0,68.4,93.3,70.9,72.4,71.1,56.4,9.4675,11.915,128189727.0,97.65,5788093.0,19.6,23.2,15.3,10.0,10.4,8.3,8.5,8.6,6.7,3.5,1.0
2011-02-01,2011,2,129311774.75,183.93,88.58,103.72,-5903,10059126307,15998739820,17520186312,27828351920,109.5,115.8,303387044.6666667,473.75,1376.25,110.7,116.9,78.6,66.9,84.4,68.2,69.2,69.2,60.2,9.635,11.9375,130032161.0,95.38,48663942.0,18.5,21.7,15.0,9.8,9.8,7.9,8.7,8.3,7.4,4.3,0.9
2011-03-01,2011,3,132865355.75,184.7,102.86,114.64,-9407,11811085160,18681489420,21643479940,34261950666,111.7,117.5,292851214.0,487.0,1423.63,113.5,119.5,87.2,77.8,93.3,77.7,79.9,86.7,70.6,9.725,12.0,134803659.0,94.9,20267747.0,16.8,20.6,13.4,9.7,8.6,8.1,8.9,7.1,7.4,3.9,1.4
2011-04-01,2011,4,138033633.8,186.3,109.53,123.26,-7485,11873269447,18088089922,20953458353,31957009482,114.6,116.1,308162563.0,482.0,1455.08,117.5,119.2,88.4,74.9,85.8,73.4,79.1,85.0,67.1,10.148,12.256,137258979.0,97.6,13850313.0,16.4,18.7,12.1,9.0,7.4,7.3,8.0,7.3,7.2,4.2,1.4
2011-05-01,2011,5,142922916.25,190.81,100.9,114.99,-7637,10943364372,17222234117,21107025645,33101509445,114.0,119.3,323473912.0,511.5,1504.0,116.8,121.8,100.8,78.4,86.3,75.2,84.4,90.1,70.8,10.3475,12.7225,139419024.0,96.12,16983358.0,15.5,18.6,11.8,8.8,6.6,6.9,6.8,7.3,6.3,3.5,1.6
2011-06-01,2011,6,147916292.5,188.08,96.26,113.83,-7559,11349953558,18189104185,21605305256,34505347866,114.7,122.2,338785261.0,529.75,1530.37,116.7,123.9,99.7,82.2,87.7,81.1,83.9,93.7,79.1,10.7575,13.2975,146544478.0,92.8,9552061.0,15.7,19.4,12.0,7.8,6.5,6.3,6.2,6.9,5.8,3.1,1.3
2011-07-01,2011,7,151733420.0,187.31,97.3,116.97,-5089,11860004271,19624624475,21061308166,34903617076,114.7,126.2,354067121.3333333,564.8,1568.4,116.9,128.8,106.8,79.4,99.6,77.7,83.9,93.1,72.4,12.086,16.52,148059814.0,88.81,19720738.0,15.4,19.9,11.8,7.3,6.4,6.5,6.0,6.2,4.8,2.7,1.4
2011-08-01,2011,8,153975070.0,188.67,86.33,110.22,-3681,11245124657,19738995645,19679421257,34430896427,113.5,132.5,369348981.6666667,683.0,1757.7,118.7,138.1,110.2,76.0,98.1,78.7,80.8,91.2,62.8,12.6575,17.345,159372407.0,83.79,6944664.0,15.3,20.6,11.6,7.5,6.6,6.4,6.2,5.8,5.0,2.7,1.1
2011-09-01,2011,9,155618904.8,190.09,85.52,112.83,-6058,10750626099,19344000064,21203687873,37919826248,110.7,132.5,384630842.0,693.4,1765.9,116.3,138.3,103.8,79.2,90.7,79.6,83.3,94.8,70.0,12.508,17.258,156850127.0,83.37,6115140.0,14.1,19.2,11.2,7.7,6.5,6.3,5.8,5.6,5.3,2.4,1.2
2011-10-01,2011,10,158263044.0,196.31,86.32,109.55,-4084,11907219297,21834036102,19919209132,36601753959,109.3,133.3,385973994.0,659.3,1678.4,116.3,142.1,109.2,89.2,90.9,97.2,88.9,98.8,79.0,12.445,17.2525,155823853.0,84.38,83912193.0,14.3,19.1,11.8,8.4,6.8,6.5,6.3,5.8,5.6,2.2,1.1
2011-11-01,2011,11,159583824.5,199.7,97.16,110.77,-5179,11078524743,20068289842,18649309796,33561722145,109.5,131.9,387317146.0,674.25,1732.38,114.7,137.3,104.6,78.3,91.5,84.6,77.7,92.9,69.6,14.1375,19.085,153348527.0,87.09,15280691.0,14.3,18.5,11.7,8.5,7.2,6.8,6.1,5.8,5.1,1.9,1.2
2011-12-01,2011,12,160975089.0,200.85,98.56,107.87,-6448,12477486280,23290876339,20593899801,38395742412,108.3,134.4,388660298.0,664.8,1646.4,112.9,139.9,114.6,90.5,99.6,91.3,90.5,99.2,91.3,14.452,19.698,161212850.0,85.29,18027863.0,16.8,18.9,12.4,9.1,8.0,7.1,7.2,6.6,5.8,2.6,0.8
2012-01-01,2012,1,162104757.5,201.98,100.27,110.69,-5749,10348187166,19086550368,17468975947,32340634136,108.2,132.8,371019468.3333333,658.75,1657.75,111.0,136.6,89.8,72.1,98.5,77.2,74.2,72.8,61.7,14.5,19.9725,149046210.0,86.49,16034069.0,17.6,18.8,12.7,9.7,8.3,7.6,7.8,6.9,6.1,3.8,0.9
2012-02-01,2012,2,162532823.0,203.12,102.2,119.33,-4202,11748000124,20686706410,17787292746,31388132910,109.7,128.5,353378638.6666667,660.0,1736.5,112.7,132.2,83.2,71.3,93.6,74.4,72.2,74.8,63.7,13.9275,19.4225,148652562.0,90.38,35786367.0,18.2,18.3,13.1,10.3,8.2,7.9,8.3,7.5,6.7,4.4,1.0
2012-03-01,2012,3,164091355.6,203.96,106.16,125.45,-6210,13208572977,23608253673,20677495770,36976781198,109.3,130.0,335737809.0,648.6,1675.8,114.6,136.3,88.5,82.6,97.1,84.8,83.9,89.8,74.2,13.308,18.848,150830240.0,88.86,23055481.0,15.9,18.2,12.6,9.8,7.5,7.4,7.5,7.4,6.3,4.3,1.3
2012-04-01,2012,4,166384868.0,207.05,103.32,119.75,-4512,12630226718,22573503565,19272813948,34484311424,109.2,129.8,352169779.0,635.75,1650.62,115.2,137.1,90.3,79.5,85.0,77.6,85.3,87.8,71.2,13.055,18.535,153470085.0,90.22,32085920.0,14.2,18.0,11.1,8.6,7.0,6.3,6.7,7.1,5.4,3.5,1.2
2012-05-01,2012,5,168314709.75,206.61,94.66,110.34,-5240,13131530961,23702608618,21750448591,39154643118,107.6,129.2,368601749.0,622.5,1596.43,112.6,134.7,102.3,86.1,88.7,85.4,91.5,92.6,78.7,12.7525,18.3475,155020731.0,90.05,12241213.0,13.4,17.2,10.8,7.3,6.3,5.5,5.8,6.4,5.1,3.2,0.9
2012-06-01,2012,6,171162853.2,204.76,82.3,95.16,-3876,13231198688,24129725169,20437938448,37301659596,106.5,129.1,385033719.0,629.0,1588.25,110.3,133.9,106.3,84.7,93.6,85.3,89.4,90.0,77.4,12.602,18.098000000000003,164647681.0,89.42,42872274.0,13.1,17.3,10.4,7.3,6.0,5.5,5.7,5.4,4.4,2.4,0.8
2012-07-01,2012,7,172880544.0,204.29,87.9,102.62,-3995,12830675307,23268451107,20835202908,37801942461,106.9,128.9,399271533.6666667,622.5,1594.93,108.8,131.3,113.8,82.3,104.5,83.2,89.0,84.9,72.6,12.4175,17.865000000000002,159281667.0,89.53,47748406.0,12.5,18.6,11.5,7.5,5.9,5.6,5.8,5.4,4.3,2.0,0.7
2012-08-01,2012,8,174665685.6,205.43,94.13,113.36,-1169,12831394572,23035822637,18828477769,33803715333,107.7,128.6,413509348.3333333,632.8,1630.15,109.7,131.0,100.9,73.2,100.0,76.9,78.2,81.9,58.5,12.144,17.478,163831119.0,90.12,9802857.0,12.5,20.0,12.2,7.6,6.3,6.1,6.2,5.4,4.1,2.0,0.8
2012-09-01,2012,9,176554772.25,207.55,94.51,112.86,-2502,12952651722,23366211749,19924305446,35924995682,108.8,130.5,427747163.0,672.25,1766.0,111.9,134.1,108.3,85.8,94.5,88.4,89.5,97.5,74.5,12.0425,16.645,172412091.0,89.47,6302116.0,13.1,20.8,12.5,7.5,6.4,6.3,6.4,5.9,4.8,2.6,0.8
2012-10-01,2012,10,178767010.5,211.62,89.49,111.71,-1051,13190769655,23779403879,18786696814,33870523175,108.9,130.6,429484962.0,668.2,1742.95,111.9,134.1,105.9,84.1,87.5,93.0,85.0,89.2,70.7,11.325,16.31,170733703.0,90.45,40698733.0,14.6,20.0,12.4,7.5,6.3,6.3,6.5,5.8,5.2,3.1,0.7
2012-11-01,2012,11,180992321.8,212.42,86.53,109.06,-3991,13753052493,24793712742,20947983268,37752808695,108.2,129.7,431222761.0,663.4,1719.45,111.7,133.9,110.5,91.0,90.6,99.0,92.3,100.0,77.3,10.77,15.725999999999999,167192282.0,91.03,14979055.0,16.4,20.2,12.9,7.8,6.8,6.5,6.4,6.2,5.7,3.5,0.9
2012-12-01,2012,12,184276286.75,213.23,87.86,109.49,-4781,12605476173,22534065965,19827509254,35429345220,109.8,130.6,432960560.0,649.25,1676.68,112.7,133.9,110.3,90.6,95.4,94.3,91.4,94.3,87.3,10.0875,14.25,179934548.0,90.65,28439938.0,18.0,20.8,13.5,8.7,8.2,6.7,6.7,7.0,5.6,4.1,1.0
2013-01-01,2013,1,187234516.0,216.74,94.76,112.96,-5431,11481521079,20340920419,18802567909,33345085047,110.8,130.53,418193991.6666667,641.25,1663.5,111.89,131.95,88.8,76.3,94.0,79.9,80.1,73.1,66.7,9.775,14.055,171065594.0,92.58,27465534.0,19.0,21.6,13.8,9.4,8.8,7.0,6.5,7.8,5.9,4.0,1.1
2013-02-01,2013,2,190350411.0,217.39,95.31,116.05,-4690,12385690909,22004856772,19395113678,34426236330,111.03,131.17,403427423.3333333,627.75,1631.0,114.0,134.57,80.1,76.3,84.2,77.0,78.5,79.4,70.2,9.5775,13.755,173536720.0,91.98,26385487.0,18.7,21.4,12.9,9.5,9.1,7.0,6.9,8.3,5.8,4.0,1.2
2013-03-01,2013,3,194740848.2,218.83,92.94,108.47,-4676,13122058141,23757506296,20559354566,37193620247,109.29,131.59,388660855.0,624.6,1593.1,111.99,134.72,89.3,85.2,91.0,84.9,90.0,88.3,76.7,9.306,13.524000000000001,181563422.0,91.06,55902675.0,17.2,20.3,12.5,9.4,8.5,7.0,6.8,7.7,5.5,3.8,1.3
2013-04-01,2013,4,199525228.5,219.75,92.02,102.25,-6669,12468202903,22440243901,22825141704,41072241866,108.36,129.69,407385063.0,592.0,1495.12,111.09,132.93,92.8,86.8,85.6,83.2,92.3,104.7,77.5,9.0575,13.45,181233648.0,91.51,15884198.0,15.1,18.9,11.9,8.6,7.9,6.5,6.5,6.2,5.6,3.6,1.3
2013-05-01,2013,5,204567130.0,220.07,94.51,102.56,-6193,13277209017,24236491413,23245300682,42309269331,108.12,131.25,426109271.0,574.2,1409.85,109.33,132.33,104.8,91.4,90.0,89.4,97.5,104.6,81.4,8.766,12.672,189967334.0,90.02,53623472.0,14.5,17.7,11.9,8.3,7.0,6.1,5.8,5.2,5.8,3.0,1.3
2013-06-01,2013,6,211089906.0,221.75,95.77,102.92,-3813,12399973962,23540533005,21012834975,39684427779,108.6,137.1,444833479.0,551.75,1316.12,108.8,136.64,110.0,90.2,92.3,87.2,95.1,99.8,86.0,8.2975,11.82,202565544.0,87.35,33637799.0,14.7,18.4,11.8,7.7,6.8,5.6,5.7,5.4,6.0,3.2,1.0
2013-07-01,2013,7,216544706.0,222.44,104.67,107.93,-5636,13059519685,25249403887,22965864226,44455710332,107.53,138.26,461483190.3333333,556.25,1279.81,107.53,138.42,113.4,92.0,101.6,89.6,97.6,101.1,85.9,8.905,12.465,202371850.0,87.77,94903931.0,15.7,19.4,12.5,7.8,7.0,6.6,6.1,6.0,6.0,4.1,1.0
2013-08-01,2013,8,220524703.6,222.21,106.57,111.28,-1740,11118300903,21847142822,18198366236,35493999410,108.16,141.34,478132901.6666667,584.8,1334.12,108.89,141.24,98.3,75.0,96.3,75.1,81.8,90.7,60.9,9.778,13.118,210219236.0,87.23,9612159.0,15.3,20.8,12.6,8.3,7.4,6.9,6.7,6.5,6.1,4.6,0.8
2013-09-01,2013,9,224486978.25,223.91,106.29,111.6,-2542,13060371039,26393328387,20620819473,41598840220,107.44,144.39,494782613.0,584.5,1348.93,108.83,145.99,117.2,95.5,93.7,94.7,100.0,111.2,87.9,10.7325,13.94,215695733.0,84.97,30047617.0,17.0,20.7,12.9,8.5,7.2,7.3,6.4,6.4,6.1,4.7,1.3
2013-10-01,2013,10,227195960.75,227.94,100.54,109.08,-2765,12053704638,24028165448,19482636677,38833106384,107.47,142.47,494905198.0,570.0,1307.66,110.36,146.29,101.4,87.1,87.0,92.5,88.8,101.8,75.1,10.925,13.8125,213607710.0,86.67,25789262.0,16.8,20.6,12.7,8.7,7.5,6.3,5.9,6.9,5.6,4.4,1.2
2013-11-01,2013,11,230084536.0,227.96,93.86,107.79,-3241,14201227351,28752013185,21414219367,43353908454,107.46,144.69,495027783.0,565.8,1275.75,108.8,146.48,105.9,100.8,92.1,105.4,101.5,111.8,91.5,10.624,13.774000000000001,213599307.0,85.24,76267887.0,17.9,20.1,13.1,9.0,7.7,6.8,6.2,6.9,5.6,5.3,1.2
2013-12-01,2013,12,234332540.75,229.01,97.63,110.76,-7696,13174857460,27159772828,23139030617,47461595884,108.16,148.28,495150368.0,557.0,1218.76,110.16,150.26,109.2,100.4,100.1,101.1,100.4,111.3,98.5,10.6075,13.5725,229424734.0,83.75,156967714.0,16.3,20.0,13.1,9.3,8.2,7.1,7.0,7.4,6.1,4.6,1.4
2014-01-01,2014,1,237165783.6,233.54,94.62,108.12,-4519,12399761948,27564303900,19286491233,42451799424,109.25,161.5,481452341.3333333,594.8,1249.35,108.86,159.34,93.9,86.2,97.9,88.8,91.1,78.5,76.2,11.3,15.030000000000001,220755736.0,79.42,53594258.0,15.0,19.1,12.9,9.8,8.2,7.9,7.8,8.0,7.0,4.8,1.4
2014-02-01,2014,2,238841344.5,234.54,100.82,108.9,-2703,13053292493,28911295132,18239687512,40356659489,108.26,159.45,467754314.6666667,610.75,1307.25,109.62,161.29,85.8,82.7,89.3,81.3,87.2,82.1,76.5,13.03,16.8275,218754855.0,80.6,28677063.0,15.0,18.0,13.1,9.2,8.1,7.8,8.1,8.4,7.6,4.4,1.8
2014-03-01,2014,3,239629680.25,237.18,100.8,107.48,-3264,14680110780,32603306957,19931709143,44260707465,107.58,158.89,454056288.0,631.0,1337.75,110.24,162.8,95.0,93.7,95.5,91.4,98.3,103.3,85.6,13.505,17.1475,225588408.0,81.83,54381945.0,15.1,17.6,12.3,8.6,7.3,7.6,7.6,8.0,7.9,4.6,2.0
2014-04-01,2014,4,241236210.25,240.37,102.07,107.76,-4201,13371185664,28504830157,20658673172,44122469619,107.95,153.04,466085643.6666667,598.5,1303.87,109.48,155.49,94.9,92.9,92.1,90.7,97.8,96.0,86.2,13.52,16.865000000000002,221991308.0,87.05,54034675.0,14.7,16.0,11.9,8.0,6.8,6.5,6.4,7.9,7.1,4.2,2.4
2014-05-01,2014,5,243706326.8,241.32,102.18,109.54,-2709,13681906159,28660650510,20875120618,43722485051,108.02,150.47,478114999.3333333,581.8,1281.2,107.99,150.41,97.4,94.2,92.6,91.8,100.1,97.3,86.6,12.944,16.684,223083218.0,88.54,82890251.0,16.0,15.7,11.6,7.8,6.5,5.8,6.2,7.6,6.8,4.1,2.4
2014-06-01,2014,6,247360164.5,242.07,105.79,111.8,-3599,12880924246,27323907899,20792872262,44017935979,108.71,153.36,490144355.0,587.75,1287.62,108.48,152.71,104.0,95.4,96.1,92.7,98.6,99.2,93.3,12.2875,15.96,237540652.0,87.55,18008021.0,17.2,16.4,12.0,7.8,7.1,6.2,6.0,7.2,6.3,4.6,2.0
2014-07-01,2014,7,250043487.25,243.17,103.59,106.77,-1785,13344776958,28320672044,19941064065,42350224434,109.52,154.56,510545595.0,594.0,1314.06,108.17,152.76,100.6,88.9,103.0,88.5,91.4,86.6,87.1,11.46,15.317499999999999,243773648.0,87.38,56670311.0,17.7,18.6,13.2,7.8,7.7,6.9,6.1,7.7,6.3,4.5,1.6
2014-08-01,2014,8,252267647.8,243.4,96.54,101.61,-1342,11386828925,24642590157,19498065147,42066916564,107.31,154.43,530946835.0,599.6,1292.0,107.43,154.13,100.9,87.0,107.4,88.7,92.0,90.1,75.7,11.058,15.075999999999999,241324244.0,86.33,3842395.0,16.6,20.4,13.4,8.6,8.0,7.3,6.1,7.0,5.5,4.9,1.4
2014-09-01,2014,9,256424141.25,243.74,93.21,97.09,-1549,13583120906,29980762093,20595981216,45264268135,105.5,154.86,551348075.0,587.25,1232.75,105.69,154.46,109.2,102.3,100.0,103.4,102.7,106.0,99.6,10.9075,14.8575,257420622.0,84.94,198084493.0,15.9,21.1,14.1,9.3,8.5,7.2,6.6,7.6,5.7,5.1,2.3
2014-10-01,2014,10,259291618.0,248.37,84.4,87.43,-1624,12891630102,29150244219,19184610420,43416454966,104.84,157.64,554015086.6666666,587.6,1209.05,103.9,156.36,96.0,92.6,89.4,98.6,91.7,93.8,85.2,10.752,14.91,246416844.0,84.82,11406456.0,16.2,21.5,13.6,9.3,8.2,7.0,7.0,7.5,6.9,5.6,2.3
2014-11-01,2014,11,262120612.0,248.82,75.79,79.44,-4849,13067348107,29234059903,21384564780,47884124702,104.12,154.9,556682098.3333334,574.0,1177.5,103.05,153.45,98.0,100.7,95.6,105.8,99.3,105.5,93.4,10.9125,14.68,246140998.0,87.01,36881025.0,16.8,21.5,13.7,9.5,8.5,7.4,7.3,8.3,7.1,5.6,2.8
2014-12-01,2014,12,265666125.75,247.72,59.29,62.34,-5876,13269271402,30397122724,21788277505,49711001653,103.13,157.11,559349110.0,589.75,1195.56,100.78,152.91,103.0,109.5,99.2,109.2,104.8,113.2,117.2,11.0125,14.387500000000001,258317741.0,86.06,59026444.0,16.5,22.2,13.7,10.0,8.4,7.8,7.3,9.2,7.5,5.3,2.2
2015-01-01,2015,1,269184537.6,250.45,47.22,47.76,-1678,12301766750,28747739266,16645657050,38676725789,101.67,158.01,539723610.3333334,622.0,1244.45,96.26,148.73,78.0,85.9,99.4,88.3,84.7,81.6,83.6,11.006,14.864,252673992.0,87.3,42903102.0,17.1,21.5,14.1,10.5,9.0,8.7,7.8,9.8,7.5,5.7,2.9
2015-02-01,2015,2,272524961.75,252.24,50.58,58.1,-2943,12231860140,30079301626,16940929404,41499155599,100.24,163.92,520098110.6666667,644.25,1223.93,95.23,155.13,74.9,84.0,90.8,84.4,83.4,78.1,84.0,10.7975,14.89,257344086.0,85.21,51433329.0,17.5,21.2,13.6,10.2,9.2,8.8,7.7,9.8,7.8,5.1,2.8
2015-03-01,2015,3,275772830.75,255.23,47.82,55.89,-4309,12519910438,32391917417,18726107253,48264962257,97.91,168.46,500472611.0,653.5,1176.65,93.96,161.04,94.6,100.1,98.9,98.9,99.6,96.7,102.3,10.8175,14.675,267342113.0,83.63,98534040.0,16.7,19.5,12.8,9.4,8.5,9.0,7.2,9.0,7.7,6.0,2.7
2015-04-01,2015,4,278873968.25,259.39,54.45,59.52,-3324,13349346866,35439133649,18373482645,48645237213,97.64,172.38,522361285.3333333,677.5,1198.05,92.66,163.14,92.2,100.1,93.6,97.2,101.4,99.4,100.9,10.965,14.8375,272907155.0,81.78,25642175.0,15.1,18.0,11.5,8.3,7.7,8.2,6.5,8.6,6.6,6.0,2.3
2015-05-01,2015,5,281154678.8,260.85,59.27,64.08,-3539,11080385127,29360799691,17868777194,47322594796,98.93,174.33,544249959.6666666,672.8,1199.59,92.57,163.02,98.3,99.1,96.9,97.0,103.6,96.3,93.8,11.49,15.430000000000001,281271421.0,81.49,23117584.0,15.4,17.9,12.0,7.9,7.4,7.3,6.1,7.8,6.0,6.2,2.5
2015-06-01,2015,6,284070904.25,259.51,59.82,61.48,-2616,11949647086,32324237008,18199145384,49126036772,98.44,177.07,566138634.0,676.5,1180.32,92.23,165.57,105.4,105.2,95.9,102.2,106.7,101.0,109.2,11.865,15.675,291406844.0,79.71,25617832.0,17.3,18.0,12.8,7.7,7.4,6.8,6.0,8.0,6.0,5.4,2.9
2015-07-01,2015,7,285729694.6,259.74,50.9,56.56,-2756,11129358974,30042937603,18225344227,49073044970,97.37,174.79,588927528.3333334,656.7,1127.85,90.39,161.85,102.8,93.6,106.1,90.8,95.8,101.3,92.3,12.28,15.702000000000002,293280229.0,80.39,30375837.0,17.0,19.1,13.1,8.0,7.6,6.8,6.2,7.4,6.0,4.8,2.7
2015-08-01,2015,8,288052059.75,260.78,42.87,46.52,985,11022045344,31461933785,15969293031,45215466930,95.67,181.61,611716422.6666666,687.0,1120.73,88.74,167.09,118.4,99.6,111.6,98.6,104.2,118.3,90.1,12.585,16.045,300054479.0,77.43,64422545.0,15.9,19.9,14.1,7.9,7.7,7.3,6.7,7.6,6.9,5.8,2.1
2015-09-01,2015,9,289293438.5,263.11,45.48,47.62,422,11581703842,34804381281,15402915978,46185992650,94.95,189.75,634505317.0,719.0,1122.83,86.68,172.85,105.3,96.4,99.2,98.8,95.2,100.3,96.0,13.5725,16.9075,318857392.0,74.75,37841823.0,15.1,20.6,13.6,8.5,7.7,7.4,7.3,7.3,7.7,6.1,2.2
2015-10-01,2015,10,288455233.6,267.2,46.22,48.43,-21,13240039088,38864246363,16917700624,49759116175,93.94,183.37,639611805.0,719.4,1155.35,86.41,169.01,106.4,109.9,98.2,114.3,107.2,106.2,109.4,14.302,17.698,308696898.0,77.31,155463680.0,16.6,20.9,13.7,8.7,8.0,7.5,7.4,8.1,7.8,7.0,2.1
2015-11-01,2015,11,288059060.5,268.98,42.44,44.27,-1703,11681989013,33609559374,15972822379,45947465767,91.91,175.85,644718293.0,667.5,1077.38,85.21,163.01,104.1,108.6,99.0,112.7,105.5,105.9,108.7,14.125,17.51,303405085.0,80.21,11679827.0,17.5,20.0,12.8,9.5,8.5,7.7,7.4,8.1,7.8,6.4,2.3
2015-12-01,2015,12,289126107.25,269.54,37.19,38.01,-5143,11750818760,34335130737,17992183447,52599757625,91.9,178.58,649824781.0,676.5,1070.85,83.58,162.5,119.7,117.5,110.3,116.8,112.7,114.9,129.5,14.005,17.33,311648012.0,80.14,97683433.0,17.1,20.3,13.6,9.6,8.9,8.0,7.8,9.1,7.3,6.4,2.6
2016-01-01,2016,1,290151105.4,274.44,31.68,30.7,-1978,9546115400,28783805037,13452704617,40381346685,90.9,182.27,622530410.0,704.25,1100.91,79.8,159.3,80.2,90.4,107.4,94.4,88.6,81.9,86.4,14.272,17.61,308204440.0,82.51,23775849.0,16.7,20.5,14.3,10.3,8.9,8.6,8.0,9.6,7.5,5.5,3.1
2016-02-01,2016,2,291057605.25,274.38,30.32,32.18,-1681,12366388057,36417008152,15578255076,45949751495,91.62,179.42,595236039.0,755.25,1211.93,79.81,156.55,83.6,96.4,98.0,96.5,94.5,92.8,97.2,14.445,17.9425,310257959.0,84.36,38929323.0,15.6,20.2,14.0,10.0,8.6,8.5,7.9,9.5,7.8,5.4,3.1
2016-03-01,2016,3,292422545.5,274.27,37.55,38.21,-3331,12757672093,36971459549,17766239356,51542585312,91.67,176.66,567941668.0,766.5,1254.46,80.53,155.36,93.0,107.5,101.7,106.1,105.7,102.4,112.2,14.4525,18.0275,317931777.0,85.06,45394084.0,13.6,18.8,13.2,9.6,8.2,8.1,7.0,8.1,7.0,5.1,2.7
2016-04-01,2016,4,294536859.6,276.42,40.75,41.58,-2450,11950497685,33955540975,16187635375,46054545222,92.7,175.15,590485991.0,752.0,1241.82,80.86,152.99,98.9,103.3,97.3,100.1,105.4,109.2,102.0,14.326,17.854,320939056.0,85.91,45586998.0,13.1,17.6,12.0,9.3,7.6,7.1,6.5,6.7,6.8,4.6,2.2
2016-05-01,2016,5,296830803.25,278.02,46.71,46.74,-2742,12098611067,35537443596,17196657045,50268764707,93.07,181.8,613030314.0,790.75,1256.33,82.68,160.73,99.1,108.1,101.3,106.8,107.7,110.6,108.5,13.9575,17.515,323519350.0,83.67,235856195.0,15.7,18.3,12.6,9.1,7.2,6.8,6.4,6.3,5.8,4.9,2.0
2016-06-01,2016,6,299133731.75,279.33,48.76,48.25,-4618,12864154060,37575617991,19476281695,56987424649,93.36,181.34,635574637.0,794.25,1280.55,83.57,162.61,104.0,107.7,106.6,104.3,107.3,103.4,114.0,13.835,17.33,343949763.0,84.5,103903921.0,17.9,20.2,13.5,9.6,7.3,7.0,7.1,7.2,6.1,4.9,1.7
2016-07-01,2016,7,300277663.0,282.58,44.65,44.95,-2120,9850124872,29230097921,14694996423,43371927308,93.01,183.54,647210987.3333334,836.4,1336.8,82.64,162.2,88.3,84.5,109.4,83.1,85.7,77.1,86.2,13.668,17.384,344330428.0,84.64,759579.0,17.2,21.4,15.0,9.7,8.1,7.5,7.3,7.4,5.7,5.7,1.7
2016-08-01,2016,8,301435167.0,281.76,44.72,45.84,-624,11830762820,35103845438,16614181203,49336701121,93.26,184.01,658847337.6666666,847.0,1339.43,82.48,162.87,111.5,103.8,118.4,104.3,106.8,105.0,97.7,12.8575,17.52,344283138.0,84.07,56841671.0,15.5,22.5,15.7,10.6,8.8,7.9,8.3,7.8,6.0,6.1,2.1
2016-09-01,2016,9,303835415.0,282.27,45.18,46.57,-911,10901638452,32301738635,15297881163,45334224955,93.03,183.31,670483688.0,842.2,1325.01,82.52,162.62,98.3,92.8,99.3,92.5,92.0,93.4,95.0,12.088,17.336000000000002,347559346.0,84.2,21355744.0,15.0,22.6,15.8,10.7,9.4,8.1,7.9,7.6,6.3,6.1,2.7
2016-10-01,2016,10,309284644.75,286.33,49.78,49.52,-489,12796159910,39338693001,17008614931,52140898415,92.33,188.77,697842364.3333334,841.5,1262.38,83.59,170.4,114.7,113.9,104.7,118.5,110.4,118.0,113.1,12.115,16.72,348489495.0,82.32,41682416.0,16.4,23.7,16.1,10.5,9.7,8.6,8.8,7.9,6.6,6.3,2.8
2016-11-01,2016,11,313906393.5,287.81,45.66,44.73,-1441,12786936247,41755656758,16934532450,55043412465,91.41,198.5,725201040.6666666,877.25,1234.48,82.39,178.08,114.6,114.4,108.0,118.8,111.0,106.6,116.9,11.6925,16.085,355942270.0,80.09,42101624.0,18.1,24.8,16.2,10.7,10.0,8.8,8.5,7.6,6.7,6.0,3.1
2016-12-01,2016,12,319807739.4,292.54,51.97,53.31,-4283,12780523145,44633717036,18410255713,64114759819,91.47,212.44,752559717.0,875.4,1149.51,82.99,192.19,106.3,118.3,114.3,118.9,107.8,117.2,138.5,11.424,16.2,382726699.0,77.37,226930516.0,20.4,25.8,16.8,11.2,10.5,9.2,9.4,7.7,7.1,6.7,2.8
2017-01-01,2017,1,323835598.0,299.74,52.5,54.58,-2454,11247585677,42253897479,15591508883,58098511494,91.45,228.47,719857672.3333334,957.25,1187.9,84.89,210.35,83.0,96.0,115.3,100.9,91.5,79.5,98.8,11.4525,16.3575,376488124.0,73.63,77974221.0,20.0,26.8,16.5,12.0,10.9,9.3,9.6,8.9,7.8,6.8,2.4
2017-02-01,2017,2,327190775.5,302.17,53.47,54.87,-1972,12089908934,44470994989,15825998294,58286702394,91.32,223.37,687155627.6666666,975.25,1234.77,85.68,209.84,88.2,95.8,105.2,96.1,93.7,92.2,98.4,11.3775,16.72,376224371.0,74.67,21577814.0,19.1,25.3,16.0,11.9,9.9,9.5,9.3,9.8,8.9,6.0,1.9
2017-03-01,2017,3,332548247.4,305.24,49.33,51.59,-2869,14470814059,53144654443,19017539459,69818433639,90.91,222.03,654453583.0,974.8,1230.22,85.92,209.78,102.7,113.9,111.2,108.6,112.6,114.0,122.2,11.056,16.619999999999997,401643718.0,74.83,38186018.0,16.5,23.8,14.6,11.2,9.1,8.7,8.8,9.4,8.9,5.0,1.6
2017-04-01,2017,4,339499313.0,309.23,51.06,52.31,-3088,12859938791,47007987953,17787682718,65066207384,91.48,222.38,683059849.3333334,998.25,1274.07,86.87,211.32,106.6,110.8,105.3,102.2,110.4,111.3,123.6,11.275,16.8825,420976701.0,75.28,73722360.0,16.0,21.6,13.3,9.9,8.3,7.8,7.5,7.0,8.1,4.3,2.1
2017-05-01,2017,5,344164140.5,310.61,48.48,50.33,-4400,13582079731,48501796413,20923446227,74768421083,92.26,219.09,711666115.6666666,961.75,1244.08,87.36,207.6,111.4,114.3,107.6,110.7,116.5,107.9,117.2,11.545,17.235,415462938.0,77.03,134586456.0,17.1,21.3,12.4,9.4,8.4,7.0,7.2,6.4,7.7,4.8,2.2
2017-06-01,2017,6,349238694.4,309.78,45.18,46.37,-3514,13125306944,46282951396,19173756269,67633687663,93.47,219.18,740272382.0,958.6,1258.97,87.27,204.7,108.8,104.8,106.6,100.0,104.4,97.3,115.6,11.72,17.348000000000003,422262043.0,77.21,148028399.0,17.6,22.3,13.1,8.8,8.0,6.7,6.4,6.1,7.4,5.1,2.2
2017-07-01,2017,7,354648110.75,310.24,46.63,48.48,-4195,12612074056,44977356296,21490791009,76563810766,93.85,222.56,773485624.6666666,952.75,1239.85,87.6,207.54,113.4,110.9,127.5,105.1,113.0,99.1,118.8,12.015,17.5425,418346813.0,75.89,53881549.0,18.4,22.8,14.3,9.3,8.3,6.9,6.6,6.9,7.2,4.5,2.3
2017-08-01,2017,8,360499649.75,311.85,48.04,51.7,110,13248462990,46606466212,19161714598,67565969160,94.63,221.38,806698867.3333334,968.75,1281.22,88.6,207.76,124.6,111.8,126.9,111.6,114.9,124.0,105.0,12.49,17.905,434543349.0,76.48,217186870.0,16.9,22.9,15.0,9.0,8.3,7.1,6.6,6.7,6.5,4.2,2.1
2017-09-01,2017,9,365172968.4,313.88,49.82,56.15,-3992,11810080805,41111032457,19978413421,69307713853,95.83,221.84,839912110.0,979.5,1311.75,89.88,207.36,118.7,109.9,112.8,107.7,108.6,128.8,112.6,12.868,18.164,434338406.0,77.32,69293654.0,16.1,22.2,15.3,9.1,8.8,7.2,7.1,7.1,6.5,3.8,2.4
2017-10-01,2017,10,370136246.75,320.4,51.58,57.51,-2849,13912699494,51035963246,21217240980,77453458690,95.09,231.95,859630137.3333334,1008.0,1277.26,90.35,219.33,126.3,127.1,112.4,130.3,124.6,115.9,131.3,13.045,18.5375,433323091.0,75.12,35372317.0,14.6,21.8,14.7,8.9,8.5,7.1,7.0,7.5,6.2,4.1,2.6
2017-11-01,2017,11,373915132.25,325.18,56.64,62.71,-3462,14188323116,55101551515,20546983405,79465124741,95.27,246.05,879348164.6666666,1066.5,1281.58,91.19,234.54,123.8,125.9,112.2,127.3,123.8,116.7,132.5,13.1175,18.7925,433286493.0,71.92,32149736.0,15.0,21.5,14.5,8.9,8.9,6.9,6.7,7.4,7.0,4.7,2.4
2017-12-01,2017,12,378360467.8,327.41,57.88,64.37,-7270,13845665817,53363426229,23084575971,88955315175,96.42,247.12,899066192.0,1092.0,1270.85,92.02,235.82,120.2,131.4,118.9,129.1,123.9,128.8,150.7,13.524,19.356,450624493.0,72.91,71199179.0,15.6,21.1,14.2,9.5,9.0,7.0,6.9,7.9,7.7,5.0,2.2
2018-01-01,2018,1,381441578.5,330.75,63.7,69.08,-6916,12434098319,46995932922,21522473367,81343051242,97.99,246.29,864859610.0,1114.75,1333.01,94.1,236.5,101.0,108.5,119.3,112.9,106.9,88.0,107.9,14.14,20.015,428975092.0,73.77,202288652.0,16.4,21.7,14.8,9.7,8.8,7.4,7.4,8.2,9.3,6.1,2.3
2018-02-01,2018,2,383679995.25,333.17,62.23,65.32,-4323,13148021711,49770974211,18936782626,71684421999,98.36,247.61,830653028.0,1119.25,1331.32,91.81,231.12,95.6,105.6,105.9,105.6,104.4,91.2,110.1,14.6825,20.177500000000002,435544809.0,73.43,18159216.0,15.6,20.7,14.9,9.7,8.6,7.2,7.1,8.5,9.0,5.8,3.1
2018-03-01,2018,3,386969536.0,336.48,62.73,66.02,-4543,15553245177,60521522623,21434852704,83032746143,98.01,253.61,796446446.0,1141.2,1324.69,92.61,238.56,106.2,121.9,113.7,120.2,119.7,112.2,129.4,14.788,19.844,450940776.0,72.28,99370662.0,14.3,19.3,14.1,9.3,8.2,7.0,7.2,7.9,8.2,5.3,3.8
2018-04-01,2018,4,391284446.75,342.78,66.25,72.11,-5110,13846627891,56277306967,20556587945,83227871707,98.55,266.35,830375409.3333334,1197.25,1333.28,93.7,252.29,112.4,115.7,108.1,111.3,116.9,106.6,121.9,14.83,19.9775,458684151.0,70.8,52975268.0,14.7,17.9,13.5,9.1,8.0,6.6,7.1,6.9,7.4,4.3,3.7
2018-05-01,2018,5,393737379.25,348.34,69.98,76.98,-5615,14256695228,63003179792,22067044562,96121323215,96.77,284.39,864304372.6666666,1280.75,1306.38,94.05,272.43,121.2,122.1,110.7,121.3,122.7,114.5,124.3,13.8775,20.1875,491900410.0,67.09,82846700.0,16.4,18.5,13.6,8.9,7.6,6.8,7.4,6.9,7.0,4.7,2.9
2018-06-01,2018,6,398804749.6,357.44,67.87,74.41,-3043,12924498134,59663984096,18449107134,84967650315,97.06,297.96,898233336.0,1304.25,1278.5,93.27,285.65,111.2,106.7,110.8,104.5,106.7,95.4,113.3,13.098,23.108,514853102.0,65.89,179585699.0,17.5,20.4,14.6,8.8,7.4,7.1,7.3,6.9,6.9,4.4,2.6
2018-07-01,2018,7,403904516.25,359.41,70.98,74.25,-1881,14048956242,66881860566,20057757187,95017367380,95.8,303.29,944405645.0,1306.25,1237.43,92.74,292.16,120.5,119.6,132.8,118.9,120.4,106.5,122.2,16.86,24.96,514433406.0,65.16,50619834.0,17.4,21.5,15.3,9.6,8.3,7.7,7.6,7.4,6.5,4.7,2.1
2018-08-01,2018,8,404059358.8,367.66,68.06,72.53,2704,12331984010,71013666908,14803525725,83667953616,94.06,360.22,990577954.0,1600.25,1202.88,92.41,347.32,115.5,97.7,126.1,99.4,98.4,97.3,95.4,18.992,28.822000000000003,592102872.0,55.47,59112000.0,17.1,23.0,15.8,9.8,8.8,8.1,8.0,7.0,6.8,3.8,2.3
2018-09-01,2018,9,400443069.75,390.84,70.23,78.89,2818,14397835420,91565361660,16326538057,103034991323,93.69,396.24,1036750263.0,1673.75,1196.7,92.18,386.87,124.1,114.2,116.0,116.0,111.9,127.6,115.0,25.18,36.4075,558571090.0,53.04,40334059.0,17.8,23.7,15.5,10.4,9.6,8.1,7.9,7.8,6.8,4.7,1.8
2018-10-01,2018,10,394504781.25,401.27,70.75,81.03,3930,15676860082,91880531208,16174148502,95152596446,92.84,361.85,1033614736.0,1600.0,1221.31,93.38,365.33,126.7,120.5,111.6,128.6,113.3,116.5,125.2,28.9475,38.72,518147997.0,59.06,88677121.0,18.3,24.3,15.6,10.4,9.8,8.3,7.5,8.2,7.7,5.1,2.2
2018-11-01,2018,11,389142790.4,395.48,56.96,64.75,2408,15491509931,83424542597,16163973421,87573085909,92.46,331.11,1030479209.0,1478.4,1221.42,92.75,334.16,117.1,116.7,111.4,124.0,108.4,125.3,120.9,28.63,36.098,490138817.0,63.56,151351076.0,19.6,25.6,16.0,11.4,10.1,8.8,8.3,9.0,8.8,5.7,2.8
2018-12-01,2018,12,384626011.5,393.88,49.52,57.36,-543,13810281310,73435324813,16554303252,87989159650,92.37,326.61,1027343682.0,1502.25,1253.95,92.07,325.41,113.8,117.2,117.6,121.3,105.0,116.6,137.2,27.8225,33.585,509676296.0,63.96,219983400.0,20.7,26.3,18.0,12.5,10.7,10.1,9.4,9.9,10.6,7.0,2.9
2019-01-01,2019,1,380932024.75,398.07,51.38,59.41,-105,13179257405,70889438135,15670571244,84376408848,92.71,331.61,993061722.0,1561.5,1286.73,91.19,326.5,93.7,100.0,118.0,108.5,94.9,87.4,99.7,26.22,30.8125,504511225.0,63.48,219983400.0,23.2,28.5,19.4,13.4,11.5,11.0,11.2,10.7,11.1,6.7,3.6
